file_path,size_bytes,category,file_type,contains_imports,contains_exports,contains_symbols,is_source_code,is_config,is_artifact,is_log,is_documentation,audited,evidence_refs,notes
.claude/settings.local.json,64,config,json,FALSE,FALSE,FALSE,FALSE,TRUE,FALSE,FALSE,FALSE,FALSE,,Claude Code local permissions config
.gitignore,692,config,gitignore,FALSE,FALSE,FALSE,FALSE,TRUE,FALSE,FALSE,FALSE,FALSE,,Git ignore rules for repo
.vscode/settings.json,42,config,json,FALSE,FALSE,FALSE,FALSE,TRUE,FALSE,FALSE,FALSE,FALSE,,VS Code workspace settings
CLAUDE.md,302,documentation,md,FALSE,FALSE,FALSE,FALSE,FALSE,FALSE,FALSE,TRUE,FALSE,,Claude Code project instructions
docs/AUDIT_FAILURES_AND_RULES.md,17718,documentation,md,FALSE,FALSE,FALSE,FALSE,FALSE,FALSE,FALSE,TRUE,FALSE,,Audit failure catalog and enforcement rules
docs/CLAUDE_ZERO_OMISSION_TERMINATION_GRADE_AUDIT_DIRECTIVE.md,13529,documentation,md,FALSE,FALSE,FALSE,FALSE,FALSE,FALSE,FALSE,TRUE,FALSE,,Zero-omission audit directive document
docs/FORMAL_REJECTION_MEMO_AUDIT_PACKAGE.md,10893,documentation,md,FALSE,FALSE,FALSE,FALSE,FALSE,FALSE,FALSE,TRUE,FALSE,,Formal rejection memo for audit package
docs/PROJECT_ARCHITECTURE.md,65867,documentation,md,FALSE,FALSE,FALSE,FALSE,FALSE,FALSE,FALSE,TRUE,FALSE,,Detailed project architecture documentation
docs/UPDATED_PROMPT.md,24440,documentation,md,FALSE,FALSE,FALSE,FALSE,FALSE,FALSE,FALSE,TRUE,FALSE,,Updated audit prompt document
docs/signal-logs-2026-03-09 (1).csv,24281,data,csv,FALSE,FALSE,FALSE,FALSE,FALSE,FALSE,FALSE,FALSE,FALSE,,Signal log export data
docs/signal-logs-2026-03-09.csv,129763,data,csv,FALSE,FALSE,FALSE,FALSE,FALSE,FALSE,FALSE,FALSE,FALSE,,Signal log export data
options-bot/.env,580,config,env,FALSE,FALSE,FALSE,FALSE,TRUE,FALSE,FALSE,FALSE,FALSE,,Environment variables (secrets)
options-bot/.env.example,1475,config,example,FALSE,FALSE,FALSE,FALSE,TRUE,FALSE,FALSE,FALSE,FALSE,,Environment variables template
options-bot/__pycache__/config.cpython-313.pyc,5872,build,pyc,FALSE,FALSE,FALSE,FALSE,FALSE,TRUE,FALSE,FALSE,FALSE,,Compiled bytecode for config
options-bot/__pycache__/main.cpython-313.pyc,27278,build,pyc,FALSE,FALSE,FALSE,FALSE,FALSE,TRUE,FALSE,FALSE,FALSE,,Compiled bytecode for main
options-bot/backend/__init__.py,0,backend_source,py,FALSE,FALSE,FALSE,TRUE,FALSE,FALSE,FALSE,FALSE,FALSE,,Backend package init (empty)
options-bot/backend/__pycache__/__init__.cpython-313.pyc,116,build,pyc,FALSE,FALSE,FALSE,FALSE,FALSE,TRUE,FALSE,FALSE,FALSE,,Compiled bytecode for __init__
options-bot/backend/__pycache__/app.cpython-313.pyc,18738,build,pyc,FALSE,FALSE,FALSE,FALSE,FALSE,TRUE,FALSE,FALSE,FALSE,,Compiled bytecode for app
options-bot/backend/__pycache__/database.cpython-313.pyc,9015,build,pyc,FALSE,FALSE,FALSE,FALSE,FALSE,TRUE,FALSE,FALSE,FALSE,,Compiled bytecode for database
options-bot/backend/__pycache__/db_log_handler.cpython-313.pyc,4701,build,pyc,FALSE,FALSE,FALSE,FALSE,FALSE,TRUE,FALSE,FALSE,FALSE,,Compiled bytecode for db_log_handler
options-bot/backend/__pycache__/schemas.cpython-313.pyc,13272,build,pyc,FALSE,FALSE,FALSE,FALSE,FALSE,TRUE,FALSE,FALSE,FALSE,,Compiled bytecode for schemas
options-bot/backend/app.py,15429,backend_source,py,TRUE,TRUE,TRUE,TRUE,FALSE,FALSE,FALSE,FALSE,FALSE,,FastAPI app setup and middleware and WebSocket and startup/shutdown
options-bot/backend/database.py,6366,backend_source,py,TRUE,TRUE,TRUE,TRUE,FALSE,FALSE,FALSE,FALSE,FALSE,,SQLite database init and schema and migrations
options-bot/backend/db_log_handler.py,3055,backend_source,py,TRUE,TRUE,TRUE,TRUE,FALSE,FALSE,FALSE,FALSE,FALSE,,Thread-aware logging handler for DB storage
options-bot/backend/routes/__init__.py,0,backend_source,py,FALSE,FALSE,FALSE,TRUE,FALSE,FALSE,FALSE,FALSE,FALSE,,Routes package init (empty)
options-bot/backend/routes/__pycache__/__init__.cpython-313.pyc,123,build,pyc,FALSE,FALSE,FALSE,FALSE,FALSE,TRUE,FALSE,FALSE,FALSE,,Compiled bytecode for __init__
options-bot/backend/routes/__pycache__/models.cpython-313.pyc,46685,build,pyc,FALSE,FALSE,FALSE,FALSE,FALSE,TRUE,FALSE,FALSE,FALSE,,Compiled bytecode for models
options-bot/backend/routes/__pycache__/profiles.cpython-313.pyc,20735,build,pyc,FALSE,FALSE,FALSE,FALSE,FALSE,TRUE,FALSE,FALSE,FALSE,,Compiled bytecode for profiles
options-bot/backend/routes/__pycache__/signals.cpython-313.pyc,5495,build,pyc,FALSE,FALSE,FALSE,FALSE,FALSE,TRUE,FALSE,FALSE,FALSE,,Compiled bytecode for signals
options-bot/backend/routes/__pycache__/system.cpython-313.pyc,21013,build,pyc,FALSE,FALSE,FALSE,FALSE,FALSE,TRUE,FALSE,FALSE,FALSE,,Compiled bytecode for system
options-bot/backend/routes/__pycache__/trades.cpython-313.pyc,9772,build,pyc,FALSE,FALSE,FALSE,FALSE,FALSE,TRUE,FALSE,FALSE,FALSE,,Compiled bytecode for trades
options-bot/backend/routes/__pycache__/trading.cpython-313.pyc,30281,build,pyc,FALSE,FALSE,FALSE,FALSE,FALSE,TRUE,FALSE,FALSE,FALSE,,Compiled bytecode for trading
options-bot/backend/routes/models.py,40577,backend_source,py,TRUE,TRUE,TRUE,TRUE,FALSE,FALSE,FALSE,FALSE,FALSE,,API routes: model training and status and management
options-bot/backend/routes/profiles.py,16143,backend_source,py,TRUE,TRUE,TRUE,TRUE,FALSE,FALSE,FALSE,FALSE,FALSE,,API routes: trading profile CRUD
options-bot/backend/routes/signals.py,4255,backend_source,py,TRUE,TRUE,TRUE,TRUE,FALSE,FALSE,FALSE,FALSE,FALSE,,API routes: signal log queries
options-bot/backend/routes/system.py,17581,backend_source,py,TRUE,TRUE,TRUE,TRUE,FALSE,FALSE,FALSE,FALSE,FALSE,,API routes: system status and health and logs
options-bot/backend/routes/trades.py,7171,backend_source,py,TRUE,TRUE,TRUE,TRUE,FALSE,FALSE,FALSE,FALSE,FALSE,,API routes: trade history queries
options-bot/backend/routes/trading.py,24186,backend_source,py,TRUE,TRUE,TRUE,TRUE,FALSE,FALSE,FALSE,FALSE,FALSE,,API routes: live/paper trading start/stop
options-bot/backend/schemas.py,9118,backend_source,py,TRUE,TRUE,TRUE,TRUE,FALSE,FALSE,FALSE,FALSE,FALSE,,Pydantic schemas for API request/response models
options-bot/checkpoints/epoch=0-step=48.ckpt,12007022,model_artifact,ckpt,FALSE,FALSE,FALSE,FALSE,FALSE,TRUE,FALSE,FALSE,FALSE,,TFT model training checkpoint (PyTorch Lightning)
options-bot/checkpoints/epoch=1-step=96.ckpt,12628650,model_artifact,ckpt,FALSE,FALSE,FALSE,FALSE,FALSE,TRUE,FALSE,FALSE,FALSE,,TFT model training checkpoint (PyTorch Lightning)
options-bot/checkpoints/epoch=10-step=517.ckpt,12007278,model_artifact,ckpt,FALSE,FALSE,FALSE,FALSE,FALSE,TRUE,FALSE,FALSE,FALSE,,TFT model training checkpoint (PyTorch Lightning)
options-bot/checkpoints/epoch=10-step=528.ckpt,12007726,model_artifact,ckpt,FALSE,FALSE,FALSE,FALSE,FALSE,TRUE,FALSE,FALSE,FALSE,,TFT model training checkpoint (PyTorch Lightning)
options-bot/checkpoints/epoch=12-step=611.ckpt,12007790,model_artifact,ckpt,FALSE,FALSE,FALSE,FALSE,FALSE,TRUE,FALSE,FALSE,FALSE,,TFT model training checkpoint (PyTorch Lightning)
options-bot/checkpoints/epoch=13-step=658.ckpt,11883426,model_artifact,ckpt,FALSE,FALSE,FALSE,FALSE,FALSE,TRUE,FALSE,FALSE,FALSE,,TFT model training checkpoint (PyTorch Lightning)
options-bot/checkpoints/epoch=13-step=672.ckpt,12007662,model_artifact,ckpt,FALSE,FALSE,FALSE,FALSE,FALSE,TRUE,FALSE,FALSE,FALSE,,TFT model training checkpoint (PyTorch Lightning)
options-bot/checkpoints/epoch=14-step=705-v1.ckpt,12007726,model_artifact,ckpt,FALSE,FALSE,FALSE,FALSE,FALSE,TRUE,FALSE,FALSE,FALSE,,TFT model training checkpoint (PyTorch Lightning)
options-bot/checkpoints/epoch=14-step=705.ckpt,12007790,model_artifact,ckpt,FALSE,FALSE,FALSE,FALSE,FALSE,TRUE,FALSE,FALSE,FALSE,,TFT model training checkpoint (PyTorch Lightning)
options-bot/checkpoints/epoch=14-step=720.ckpt,11883426,model_artifact,ckpt,FALSE,FALSE,FALSE,FALSE,FALSE,TRUE,FALSE,FALSE,FALSE,,TFT model training checkpoint (PyTorch Lightning)
options-bot/checkpoints/epoch=16-step=816.ckpt,12007662,model_artifact,ckpt,FALSE,FALSE,FALSE,FALSE,FALSE,TRUE,FALSE,FALSE,FALSE,,TFT model training checkpoint (PyTorch Lightning)
options-bot/checkpoints/epoch=17-step=864-v1.ckpt,12628650,model_artifact,ckpt,FALSE,FALSE,FALSE,FALSE,FALSE,TRUE,FALSE,FALSE,FALSE,,TFT model training checkpoint (PyTorch Lightning)
options-bot/checkpoints/epoch=17-step=864.ckpt,12007150,model_artifact,ckpt,FALSE,FALSE,FALSE,FALSE,FALSE,TRUE,FALSE,FALSE,FALSE,,TFT model training checkpoint (PyTorch Lightning)
options-bot/checkpoints/epoch=19-step=960.ckpt,12628778,model_artifact,ckpt,FALSE,FALSE,FALSE,FALSE,FALSE,TRUE,FALSE,FALSE,FALSE,,TFT model training checkpoint (PyTorch Lightning)
options-bot/checkpoints/epoch=20-step=1008-v1.ckpt,12007662,model_artifact,ckpt,FALSE,FALSE,FALSE,FALSE,FALSE,TRUE,FALSE,FALSE,FALSE,,TFT model training checkpoint (PyTorch Lightning)
options-bot/checkpoints/epoch=20-step=1008.ckpt,12007150,model_artifact,ckpt,FALSE,FALSE,FALSE,FALSE,FALSE,TRUE,FALSE,FALSE,FALSE,,TFT model training checkpoint (PyTorch Lightning)
options-bot/checkpoints/epoch=22-step=1104.ckpt,12628778,model_artifact,ckpt,FALSE,FALSE,FALSE,FALSE,FALSE,TRUE,FALSE,FALSE,FALSE,,TFT model training checkpoint (PyTorch Lightning)
options-bot/checkpoints/epoch=24-step=1200.ckpt,12007150,model_artifact,ckpt,FALSE,FALSE,FALSE,FALSE,FALSE,TRUE,FALSE,FALSE,FALSE,,TFT model training checkpoint (PyTorch Lightning)
options-bot/checkpoints/epoch=4-step=5475.ckpt,12007086,model_artifact,ckpt,FALSE,FALSE,FALSE,FALSE,FALSE,TRUE,FALSE,FALSE,FALSE,,TFT model training checkpoint (PyTorch Lightning)
options-bot/checkpoints/epoch=7-step=384.ckpt,11883426,model_artifact,ckpt,FALSE,FALSE,FALSE,FALSE,FALSE,TRUE,FALSE,FALSE,FALSE,,TFT model training checkpoint (PyTorch Lightning)
options-bot/checkpoints/epoch=8-step=432.ckpt,12007662,model_artifact,ckpt,FALSE,FALSE,FALSE,FALSE,FALSE,TRUE,FALSE,FALSE,FALSE,,TFT model training checkpoint (PyTorch Lightning)
options-bot/checkpoints/epoch=9-step=470.ckpt,12007790,model_artifact,ckpt,FALSE,FALSE,FALSE,FALSE,FALSE,TRUE,FALSE,FALSE,FALSE,,TFT model training checkpoint (PyTorch Lightning)
options-bot/checkpoints/epoch=9-step=480-v1.ckpt,12007726,model_artifact,ckpt,FALSE,FALSE,FALSE,FALSE,FALSE,TRUE,FALSE,FALSE,FALSE,,TFT model training checkpoint (PyTorch Lightning)
options-bot/checkpoints/epoch=9-step=480-v2.ckpt,12007662,model_artifact,ckpt,FALSE,FALSE,FALSE,FALSE,FALSE,TRUE,FALSE,FALSE,FALSE,,TFT model training checkpoint (PyTorch Lightning)
options-bot/checkpoints/epoch=9-step=480.ckpt,12007662,model_artifact,ckpt,FALSE,FALSE,FALSE,FALSE,FALSE,TRUE,FALSE,FALSE,FALSE,,TFT model training checkpoint (PyTorch Lightning)
options-bot/config.py,12053,config,py,TRUE,TRUE,FALSE,FALSE,TRUE,FALSE,FALSE,FALSE,FALSE,,Central configuration: API keys and model params and presets
options-bot/data/__init__.py,0,backend_source,py,FALSE,FALSE,FALSE,TRUE,FALSE,FALSE,FALSE,FALSE,FALSE,,Data package init (empty)
options-bot/data/__pycache__/__init__.cpython-313.pyc,113,build,pyc,FALSE,FALSE,FALSE,FALSE,FALSE,TRUE,FALSE,FALSE,FALSE,,Compiled bytecode for __init__
options-bot/data/__pycache__/alpaca_provider.cpython-313.pyc,11925,build,pyc,FALSE,FALSE,FALSE,FALSE,FALSE,TRUE,FALSE,FALSE,FALSE,,Compiled bytecode for alpaca_provider
options-bot/data/__pycache__/earnings_calendar.cpython-313.pyc,5406,build,pyc,FALSE,FALSE,FALSE,FALSE,FALSE,TRUE,FALSE,FALSE,FALSE,,Compiled bytecode for earnings_calendar
options-bot/data/__pycache__/greeks_calculator.cpython-313.pyc,9986,build,pyc,FALSE,FALSE,FALSE,FALSE,FALSE,TRUE,FALSE,FALSE,FALSE,,Compiled bytecode for greeks_calculator
options-bot/data/__pycache__/options_data_fetcher.cpython-313.pyc,25210,build,pyc,FALSE,FALSE,FALSE,FALSE,FALSE,TRUE,FALSE,FALSE,FALSE,,Compiled bytecode for options_data_fetcher
options-bot/data/__pycache__/provider.cpython-313.pyc,6224,build,pyc,FALSE,FALSE,FALSE,FALSE,FALSE,TRUE,FALSE,FALSE,FALSE,,Compiled bytecode for provider
options-bot/data/__pycache__/theta_provider.cpython-313.pyc,21344,build,pyc,FALSE,FALSE,FALSE,FALSE,FALSE,TRUE,FALSE,FALSE,FALSE,,Compiled bytecode for theta_provider
options-bot/data/__pycache__/validator.cpython-313.pyc,19971,build,pyc,FALSE,FALSE,FALSE,FALSE,FALSE,TRUE,FALSE,FALSE,FALSE,,Compiled bytecode for validator
options-bot/data/__pycache__/vix_provider.cpython-313.pyc,9028,build,pyc,FALSE,FALSE,FALSE,FALSE,FALSE,TRUE,FALSE,FALSE,FALSE,,Compiled bytecode for vix_provider
options-bot/data/alpaca_provider.py,10010,backend_source,py,TRUE,TRUE,TRUE,TRUE,FALSE,FALSE,FALSE,FALSE,FALSE,,Alpaca market data provider
options-bot/data/cache/SPY_options_daily.parquet,179205,data,parquet,FALSE,FALSE,FALSE,FALSE,FALSE,FALSE,FALSE,FALSE,FALSE,,Cached options data for SPY
options-bot/data/cache/SPY_options_daily_dte0-0.parquet,182114,data,parquet,FALSE,FALSE,FALSE,FALSE,FALSE,FALSE,FALSE,FALSE,FALSE,,Cached options data for SPY
options-bot/data/cache/TSLA_options_daily.parquet,185446,data,parquet,FALSE,FALSE,FALSE,FALSE,FALSE,FALSE,FALSE,FALSE,FALSE,,Cached options data for TSLA
options-bot/data/cache/TSLA_options_daily_dte7-45.parquet,185548,data,parquet,FALSE,FALSE,FALSE,FALSE,FALSE,FALSE,FALSE,FALSE,FALSE,,Cached options data for TSLA
options-bot/data/earnings_calendar.py,4776,backend_source,py,TRUE,TRUE,TRUE,TRUE,FALSE,FALSE,FALSE,FALSE,FALSE,,Earnings calendar data fetcher
options-bot/data/greeks_calculator.py,8816,backend_source,py,TRUE,TRUE,TRUE,TRUE,FALSE,FALSE,FALSE,FALSE,FALSE,,Black-Scholes Greeks calculator
options-bot/data/options_bot.db,0,data,db,FALSE,FALSE,FALSE,FALSE,FALSE,FALSE,FALSE,FALSE,FALSE,,Stale/empty DB in data dir
options-bot/data/options_data_fetcher.py,22467,backend_source,py,TRUE,TRUE,TRUE,TRUE,FALSE,FALSE,FALSE,FALSE,FALSE,,Options chain data fetcher (ThetaData)
options-bot/data/provider.py,5000,backend_source,py,TRUE,TRUE,TRUE,TRUE,FALSE,FALSE,FALSE,FALSE,FALSE,,Abstract base data provider
options-bot/data/theta_provider.py,18107,backend_source,py,TRUE,TRUE,TRUE,TRUE,FALSE,FALSE,FALSE,FALSE,FALSE,,ThetaData historical data provider
options-bot/data/validator.py,16927,backend_source,py,TRUE,TRUE,TRUE,TRUE,FALSE,FALSE,FALSE,FALSE,FALSE,,Data validation and quality checks
options-bot/data/vix_provider.py,8231,backend_source,py,TRUE,TRUE,TRUE,TRUE,FALSE,FALSE,FALSE,FALSE,FALSE,,VIX data provider
options-bot/db/.gitkeep,0,other,gitkeep,FALSE,FALSE,FALSE,FALSE,FALSE,FALSE,FALSE,FALSE,FALSE,,Placeholder to keep db directory in git
options-bot/db/options_bot.db,809410560,data,db,FALSE,FALSE,FALSE,FALSE,FALSE,FALSE,FALSE,FALSE,FALSE,,Main SQLite database (809MB)
options-bot/docs/AUDIT_FINDINGS.md,18194,documentation,md,FALSE,FALSE,FALSE,FALSE,FALSE,FALSE,FALSE,TRUE,FALSE,,Previous audit findings document
options-bot/docs/DEPLOYMENT.md,6182,documentation,md,FALSE,FALSE,FALSE,FALSE,FALSE,FALSE,FALSE,TRUE,FALSE,,Deployment guide
options-bot/docs/OPERATIONS.md,3930,documentation,md,FALSE,FALSE,FALSE,FALSE,FALSE,FALSE,FALSE,TRUE,FALSE,,Operations runbook
options-bot/logs/.gitkeep,0,other,gitkeep,FALSE,FALSE,FALSE,FALSE,FALSE,FALSE,FALSE,FALSE,FALSE,,Placeholder to keep logs directory in git
options-bot/logs/BT_SPY_scalp_2026-03-11_15-16_p5Rvy9_indicators.csv,86,log,csv,FALSE,FALSE,FALSE,FALSE,FALSE,FALSE,TRUE,FALSE,FALSE,,Backtest indicators data (CSV)
options-bot/logs/BT_SPY_scalp_2026-03-11_15-16_p5Rvy9_indicators.html,4850953,log,html,FALSE,FALSE,FALSE,FALSE,FALSE,FALSE,TRUE,FALSE,FALSE,,Backtest indicators visualization (HTML)
options-bot/logs/BT_SPY_scalp_2026-03-11_15-16_p5Rvy9_indicators.parquet,5832,log,parquet,FALSE,FALSE,FALSE,FALSE,FALSE,FALSE,TRUE,FALSE,FALSE,,Backtest indicators data
options-bot/logs/BT_SPY_scalp_2026-03-11_15-16_p5Rvy9_settings.json,2447,log,json,FALSE,FALSE,FALSE,FALSE,FALSE,FALSE,TRUE,FALSE,FALSE,,Backtest settings snapshot
options-bot/logs/BT_SPY_scalp_2026-03-11_15-16_p5Rvy9_tearsheet.csv,1438,log,csv,FALSE,FALSE,FALSE,FALSE,FALSE,FALSE,TRUE,FALSE,FALSE,,Backtest performance tearsheet
options-bot/logs/BT_SPY_scalp_2026-03-11_15-16_p5Rvy9_trade_events.csv,621,log,csv,FALSE,FALSE,FALSE,FALSE,FALSE,FALSE,TRUE,FALSE,FALSE,,Backtest trade events (csv)
options-bot/logs/BT_SPY_scalp_2026-03-11_15-16_p5Rvy9_trade_events.parquet,11921,log,parquet,FALSE,FALSE,FALSE,FALSE,FALSE,FALSE,TRUE,FALSE,FALSE,,Backtest trade events (parquet)
options-bot/logs/BT_SPY_scalp_2026-03-11_15-16_p5Rvy9_trades.csv,621,log,csv,FALSE,FALSE,FALSE,FALSE,FALSE,FALSE,TRUE,FALSE,FALSE,,Backtest trades (csv)
options-bot/logs/BT_SPY_scalp_2026-03-11_15-16_p5Rvy9_trades.parquet,11921,log,parquet,FALSE,FALSE,FALSE,FALSE,FALSE,FALSE,TRUE,FALSE,FALSE,,Backtest trades (parquet)
options-bot/logs/BT_SPY_scalp_2026-03-11_18-38_rO6kJI_indicators.csv,86,log,csv,FALSE,FALSE,FALSE,FALSE,FALSE,FALSE,TRUE,FALSE,FALSE,,Backtest indicators data (CSV)
options-bot/logs/BT_SPY_scalp_2026-03-11_18-38_rO6kJI_indicators.html,4850953,log,html,FALSE,FALSE,FALSE,FALSE,FALSE,FALSE,TRUE,FALSE,FALSE,,Backtest indicators visualization (HTML)
options-bot/logs/BT_SPY_scalp_2026-03-11_18-38_rO6kJI_indicators.parquet,5832,log,parquet,FALSE,FALSE,FALSE,FALSE,FALSE,FALSE,TRUE,FALSE,FALSE,,Backtest indicators data
options-bot/logs/BT_SPY_scalp_2026-03-11_18-38_rO6kJI_settings.json,2493,log,json,FALSE,FALSE,FALSE,FALSE,FALSE,FALSE,TRUE,FALSE,FALSE,,Backtest settings snapshot
options-bot/logs/BT_SPY_scalp_2026-03-11_18-38_rO6kJI_tearsheet.csv,1500,log,csv,FALSE,FALSE,FALSE,FALSE,FALSE,FALSE,TRUE,FALSE,FALSE,,Backtest performance tearsheet
options-bot/logs/BT_SPY_scalp_2026-03-11_18-38_rO6kJI_trade_events.csv,10953,log,csv,FALSE,FALSE,FALSE,FALSE,FALSE,FALSE,TRUE,FALSE,FALSE,,Backtest trade events (csv)
options-bot/logs/BT_SPY_scalp_2026-03-11_18-38_rO6kJI_trade_events.parquet,12871,log,parquet,FALSE,FALSE,FALSE,FALSE,FALSE,FALSE,TRUE,FALSE,FALSE,,Backtest trade events (parquet)
options-bot/logs/BT_SPY_scalp_2026-03-11_18-38_rO6kJI_trades.csv,10953,log,csv,FALSE,FALSE,FALSE,FALSE,FALSE,FALSE,TRUE,FALSE,FALSE,,Backtest trades (csv)
options-bot/logs/BT_SPY_scalp_2026-03-11_18-38_rO6kJI_trades.parquet,12871,log,parquet,FALSE,FALSE,FALSE,FALSE,FALSE,FALSE,TRUE,FALSE,FALSE,,Backtest trades (parquet)
options-bot/logs/BT_TSLA_swing_2026-02-23_18-25_vebC5d_indicators.csv,86,log,csv,FALSE,FALSE,FALSE,FALSE,FALSE,FALSE,TRUE,FALSE,FALSE,,Backtest indicators data (CSV)
options-bot/logs/BT_TSLA_swing_2026-02-23_18-25_vebC5d_indicators.html,4850954,log,html,FALSE,FALSE,FALSE,FALSE,FALSE,FALSE,TRUE,FALSE,FALSE,,Backtest indicators visualization (HTML)
options-bot/logs/BT_TSLA_swing_2026-02-23_18-25_vebC5d_indicators.parquet,5832,log,parquet,FALSE,FALSE,FALSE,FALSE,FALSE,FALSE,TRUE,FALSE,FALSE,,Backtest indicators data
options-bot/logs/BT_TSLA_swing_2026-02-23_18-25_vebC5d_settings.json,2151,log,json,FALSE,FALSE,FALSE,FALSE,FALSE,FALSE,TRUE,FALSE,FALSE,,Backtest settings snapshot
options-bot/logs/BT_TSLA_swing_2026-02-23_18-25_vebC5d_trade_events.csv,221,log,csv,FALSE,FALSE,FALSE,FALSE,FALSE,FALSE,TRUE,FALSE,FALSE,,Backtest trade events (csv)
options-bot/logs/BT_TSLA_swing_2026-02-23_18-25_vebC5d_trade_events.parquet,9336,log,parquet,FALSE,FALSE,FALSE,FALSE,FALSE,FALSE,TRUE,FALSE,FALSE,,Backtest trade events (parquet)
options-bot/logs/BT_TSLA_swing_2026-02-23_18-25_vebC5d_trades.csv,221,log,csv,FALSE,FALSE,FALSE,FALSE,FALSE,FALSE,TRUE,FALSE,FALSE,,Backtest trades (csv)
options-bot/logs/BT_TSLA_swing_2026-02-23_18-25_vebC5d_trades.parquet,9336,log,parquet,FALSE,FALSE,FALSE,FALSE,FALSE,FALSE,TRUE,FALSE,FALSE,,Backtest trades (parquet)
options-bot/logs/BT_TSLA_swing_2026-02-24_12-51_kSm03I_indicators.csv,86,log,csv,FALSE,FALSE,FALSE,FALSE,FALSE,FALSE,TRUE,FALSE,FALSE,,Backtest indicators data (CSV)
options-bot/logs/BT_TSLA_swing_2026-02-24_12-51_kSm03I_indicators.html,4850954,log,html,FALSE,FALSE,FALSE,FALSE,FALSE,FALSE,TRUE,FALSE,FALSE,,Backtest indicators visualization (HTML)
options-bot/logs/BT_TSLA_swing_2026-02-24_12-51_kSm03I_indicators.parquet,5832,log,parquet,FALSE,FALSE,FALSE,FALSE,FALSE,FALSE,TRUE,FALSE,FALSE,,Backtest indicators data
options-bot/logs/BT_TSLA_swing_2026-02-24_12-51_kSm03I_settings.json,2218,log,json,FALSE,FALSE,FALSE,FALSE,FALSE,FALSE,TRUE,FALSE,FALSE,,Backtest settings snapshot
options-bot/logs/BT_TSLA_swing_2026-02-24_12-51_kSm03I_tearsheet.csv,1510,log,csv,FALSE,FALSE,FALSE,FALSE,FALSE,FALSE,TRUE,FALSE,FALSE,,Backtest performance tearsheet
options-bot/logs/BT_TSLA_swing_2026-02-24_12-51_kSm03I_trade_events.csv,3294,log,csv,FALSE,FALSE,FALSE,FALSE,FALSE,FALSE,TRUE,FALSE,FALSE,,Backtest trade events (csv)
options-bot/logs/BT_TSLA_swing_2026-02-24_12-51_kSm03I_trade_events.parquet,12209,log,parquet,FALSE,FALSE,FALSE,FALSE,FALSE,FALSE,TRUE,FALSE,FALSE,,Backtest trade events (parquet)
options-bot/logs/BT_TSLA_swing_2026-02-24_12-51_kSm03I_trades.csv,3294,log,csv,FALSE,FALSE,FALSE,FALSE,FALSE,FALSE,TRUE,FALSE,FALSE,,Backtest trades (csv)
options-bot/logs/BT_TSLA_swing_2026-02-24_12-51_kSm03I_trades.parquet,12209,log,parquet,FALSE,FALSE,FALSE,FALSE,FALSE,FALSE,TRUE,FALSE,FALSE,,Backtest trades (parquet)
options-bot/logs/BT_TSLA_swing_2026-02-24_16-32_xwpGbP_indicators.csv,86,log,csv,FALSE,FALSE,FALSE,FALSE,FALSE,FALSE,TRUE,FALSE,FALSE,,Backtest indicators data (CSV)
options-bot/logs/BT_TSLA_swing_2026-02-24_16-32_xwpGbP_indicators.html,4850954,log,html,FALSE,FALSE,FALSE,FALSE,FALSE,FALSE,TRUE,FALSE,FALSE,,Backtest indicators visualization (HTML)
options-bot/logs/BT_TSLA_swing_2026-02-24_16-32_xwpGbP_indicators.parquet,5832,log,parquet,FALSE,FALSE,FALSE,FALSE,FALSE,FALSE,TRUE,FALSE,FALSE,,Backtest indicators data
options-bot/logs/BT_TSLA_swing_2026-02-24_16-32_xwpGbP_settings.json,2220,log,json,FALSE,FALSE,FALSE,FALSE,FALSE,FALSE,TRUE,FALSE,FALSE,,Backtest settings snapshot
options-bot/logs/BT_TSLA_swing_2026-02-24_16-32_xwpGbP_tearsheet.csv,1521,log,csv,FALSE,FALSE,FALSE,FALSE,FALSE,FALSE,TRUE,FALSE,FALSE,,Backtest performance tearsheet
options-bot/logs/BT_TSLA_swing_2026-02-24_16-32_xwpGbP_trade_events.csv,20873,log,csv,FALSE,FALSE,FALSE,FALSE,FALSE,FALSE,TRUE,FALSE,FALSE,,Backtest trade events (csv)
options-bot/logs/BT_TSLA_swing_2026-02-24_16-32_xwpGbP_trade_events.parquet,13810,log,parquet,FALSE,FALSE,FALSE,FALSE,FALSE,FALSE,TRUE,FALSE,FALSE,,Backtest trade events (parquet)
options-bot/logs/BT_TSLA_swing_2026-02-24_16-32_xwpGbP_trades.csv,20873,log,csv,FALSE,FALSE,FALSE,FALSE,FALSE,FALSE,TRUE,FALSE,FALSE,,Backtest trades (csv)
options-bot/logs/BT_TSLA_swing_2026-02-24_16-32_xwpGbP_trades.parquet,13810,log,parquet,FALSE,FALSE,FALSE,FALSE,FALSE,FALSE,TRUE,FALSE,FALSE,,Backtest trades (parquet)
options-bot/logs/backtest_SPY_scalp_20260311_151635.csv,1204,log,csv,FALSE,FALSE,FALSE,FALSE,FALSE,FALSE,TRUE,FALSE,FALSE,,Backtest results (CSV)
options-bot/logs/backtest_SPY_scalp_20260311_151635.html,453502,log,html,FALSE,FALSE,FALSE,FALSE,FALSE,FALSE,TRUE,FALSE,FALSE,,Backtest results visualization
options-bot/logs/backtest_SPY_scalp_20260311_151635.parquet,4302,log,parquet,FALSE,FALSE,FALSE,FALSE,FALSE,FALSE,TRUE,FALSE,FALSE,,Backtest results data
options-bot/logs/backtest_SPY_scalp_20260311_183811.csv,16042,log,csv,FALSE,FALSE,FALSE,FALSE,FALSE,FALSE,TRUE,FALSE,FALSE,,Backtest results (CSV)
options-bot/logs/backtest_SPY_scalp_20260311_183811.html,475370,log,html,FALSE,FALSE,FALSE,FALSE,FALSE,FALSE,TRUE,FALSE,FALSE,,Backtest results visualization
options-bot/logs/backtest_SPY_scalp_20260311_183811.parquet,6066,log,parquet,FALSE,FALSE,FALSE,FALSE,FALSE,FALSE,TRUE,FALSE,FALSE,,Backtest results data
options-bot/logs/backtest_TSLA_swing_20260223_182520.csv,49895,log,csv,FALSE,FALSE,FALSE,FALSE,FALSE,FALSE,TRUE,FALSE,FALSE,,Backtest results (CSV)
options-bot/logs/backtest_TSLA_swing_20260223_182520.html,320,log,html,FALSE,FALSE,FALSE,FALSE,FALSE,FALSE,TRUE,FALSE,FALSE,,Backtest results visualization
options-bot/logs/backtest_TSLA_swing_20260223_182520.parquet,10320,log,parquet,FALSE,FALSE,FALSE,FALSE,FALSE,FALSE,TRUE,FALSE,FALSE,,Backtest results data
options-bot/logs/backtest_TSLA_swing_20260224_111348.csv,145,log,csv,FALSE,FALSE,FALSE,FALSE,FALSE,FALSE,TRUE,FALSE,FALSE,,Backtest results (CSV)
options-bot/logs/backtest_TSLA_swing_20260224_111348.parquet,3974,log,parquet,FALSE,FALSE,FALSE,FALSE,FALSE,FALSE,TRUE,FALSE,FALSE,,Backtest results data
options-bot/logs/backtest_TSLA_swing_20260224_125109.csv,61498,log,csv,FALSE,FALSE,FALSE,FALSE,FALSE,FALSE,TRUE,FALSE,FALSE,,Backtest results (CSV)
options-bot/logs/backtest_TSLA_swing_20260224_125109.html,503677,log,html,FALSE,FALSE,FALSE,FALSE,FALSE,FALSE,TRUE,FALSE,FALSE,,Backtest results visualization
options-bot/logs/backtest_TSLA_swing_20260224_125109.parquet,11393,log,parquet,FALSE,FALSE,FALSE,FALSE,FALSE,FALSE,TRUE,FALSE,FALSE,,Backtest results data
options-bot/logs/backtest_TSLA_swing_20260224_163211.csv,97567,log,csv,FALSE,FALSE,FALSE,FALSE,FALSE,FALSE,TRUE,FALSE,FALSE,,Backtest results (CSV)
options-bot/logs/backtest_TSLA_swing_20260224_163211.html,543819,log,html,FALSE,FALSE,FALSE,FALSE,FALSE,FALSE,TRUE,FALSE,FALSE,,Backtest results visualization
options-bot/logs/backtest_TSLA_swing_20260224_163211.parquet,14938,log,parquet,FALSE,FALSE,FALSE,FALSE,FALSE,FALSE,TRUE,FALSE,FALSE,,Backtest results data
options-bot/logs/backtest_debug_20260224_100110.log,20019,log,log,FALSE,FALSE,FALSE,FALSE,FALSE,FALSE,TRUE,FALSE,FALSE,,Backtest debug log
options-bot/logs/backtest_debug_20260224_105719.log,155,log,log,FALSE,FALSE,FALSE,FALSE,FALSE,FALSE,TRUE,FALSE,FALSE,,Backtest debug log
options-bot/logs/backtest_debug_20260224_111345.log,27510,log,log,FALSE,FALSE,FALSE,FALSE,FALSE,FALSE,TRUE,FALSE,FALSE,,Backtest debug log
options-bot/logs/backtest_debug_20260224_112252.log,65677,log,log,FALSE,FALSE,FALSE,FALSE,FALSE,FALSE,TRUE,FALSE,FALSE,,Backtest debug log
options-bot/logs/backtest_debug_20260224_115303.log,155,log,log,FALSE,FALSE,FALSE,FALSE,FALSE,FALSE,TRUE,FALSE,FALSE,,Backtest debug log
options-bot/logs/backtest_debug_20260224_122407.log,71323,log,log,FALSE,FALSE,FALSE,FALSE,FALSE,FALSE,TRUE,FALSE,FALSE,,Backtest debug log
options-bot/logs/backtest_debug_20260224_125059.log,1220668,log,log,FALSE,FALSE,FALSE,FALSE,FALSE,FALSE,TRUE,FALSE,FALSE,,Backtest debug log
options-bot/logs/backtest_debug_20260224_151616.log,108596,log,log,FALSE,FALSE,FALSE,FALSE,FALSE,FALSE,TRUE,FALSE,FALSE,,Backtest debug log
options-bot/logs/backtest_debug_20260224_160726.log,36663,log,log,FALSE,FALSE,FALSE,FALSE,FALSE,FALSE,TRUE,FALSE,FALSE,,Backtest debug log
options-bot/logs/backtest_debug_20260224_163207.log,1570009,log,log,FALSE,FALSE,FALSE,FALSE,FALSE,FALSE,TRUE,FALSE,FALSE,,Backtest debug log
options-bot/logs/backtest_debug_20260227_221929.log,155,log,log,FALSE,FALSE,FALSE,FALSE,FALSE,FALSE,TRUE,FALSE,FALSE,,Backtest debug log
options-bot/logs/backtest_debug_20260311_151602.log,22003,log,log,FALSE,FALSE,FALSE,FALSE,FALSE,FALSE,TRUE,FALSE,FALSE,,Backtest debug log
options-bot/logs/backtest_debug_20260311_151628.log,722055,log,log,FALSE,FALSE,FALSE,FALSE,FALSE,FALSE,TRUE,FALSE,FALSE,,Backtest debug log
options-bot/logs/circuit_state_ac3ff5ea-f8a8-4046-af54-d52efe8ec7f4.json,247,log,json,FALSE,FALSE,FALSE,FALSE,FALSE,FALSE,TRUE,FALSE,FALSE,,Circuit breaker state persistence
options-bot/logs/circuit_state_ad48bf20-1913-4f40-b028-0580c9f48168.json,247,log,json,FALSE,FALSE,FALSE,FALSE,FALSE,FALSE,TRUE,FALSE,FALSE,,Circuit breaker state persistence
options-bot/logs/circuit_state_backtest.json,219,log,json,FALSE,FALSE,FALSE,FALSE,FALSE,FALSE,TRUE,FALSE,FALSE,,Circuit breaker state persistence
options-bot/logs/live_20260227_032738.log,12140,log,log,FALSE,FALSE,FALSE,FALSE,FALSE,FALSE,TRUE,FALSE,FALSE,,Live trading session log
options-bot/logs/live_20260227_033257.log,135,log,log,FALSE,FALSE,FALSE,FALSE,FALSE,FALSE,TRUE,FALSE,FALSE,,Live trading session log
options-bot/logs/live_20260227_033422.log,424996,log,log,FALSE,FALSE,FALSE,FALSE,FALSE,FALSE,TRUE,FALSE,FALSE,,Live trading session log
options-bot/logs/live_20260227_033516.log,116546,log,log,FALSE,FALSE,FALSE,FALSE,FALSE,FALSE,TRUE,FALSE,FALSE,,Live trading session log
options-bot/logs/live_20260227_035744.log,483465,log,log,FALSE,FALSE,FALSE,FALSE,FALSE,FALSE,TRUE,FALSE,FALSE,,Live trading session log
options-bot/logs/live_20260227_084213.log,73923,log,log,FALSE,FALSE,FALSE,FALSE,FALSE,FALSE,TRUE,FALSE,FALSE,,Live trading session log
options-bot/logs/live_20260227_085620.log,230704,log,log,FALSE,FALSE,FALSE,FALSE,FALSE,FALSE,TRUE,FALSE,FALSE,,Live trading session log
options-bot/logs/live_20260227_092728.log,690182,log,log,FALSE,FALSE,FALSE,FALSE,FALSE,FALSE,TRUE,FALSE,FALSE,,Live trading session log
options-bot/logs/live_20260227_094912.log,1443785,log,log,FALSE,FALSE,FALSE,FALSE,FALSE,FALSE,TRUE,FALSE,FALSE,,Live trading session log
options-bot/logs/live_20260227_103847.log,3202604,log,log,FALSE,FALSE,FALSE,FALSE,FALSE,FALSE,TRUE,FALSE,FALSE,,Live trading session log
options-bot/logs/live_20260227_142609.log,3098639,log,log,FALSE,FALSE,FALSE,FALSE,FALSE,FALSE,TRUE,FALSE,FALSE,,Live trading session log
options-bot/logs/live_20260227_180341.log,281774,log,log,FALSE,FALSE,FALSE,FALSE,FALSE,FALSE,TRUE,FALSE,FALSE,,Live trading session log
options-bot/logs/live_20260227_190128.log,3050562,log,log,FALSE,FALSE,FALSE,FALSE,FALSE,FALSE,TRUE,FALSE,FALSE,,Live trading session log
options-bot/logs/live_20260227_221932.log,141528,log,log,FALSE,FALSE,FALSE,FALSE,FALSE,FALSE,TRUE,FALSE,FALSE,,Live trading session log
options-bot/logs/live_20260227_222036.log,76940717,log,log,FALSE,FALSE,FALSE,FALSE,FALSE,FALSE,TRUE,FALSE,FALSE,,Live trading session log
options-bot/logs/live_20260228_094706.log,16674604,log,log,FALSE,FALSE,FALSE,FALSE,FALSE,FALSE,TRUE,FALSE,FALSE,,Live trading session log
options-bot/logs/live_20260228_124112.log,3836566,log,log,FALSE,FALSE,FALSE,FALSE,FALSE,FALSE,TRUE,FALSE,FALSE,,Live trading session log
options-bot/logs/live_20260228_132645.log,41370926,log,log,FALSE,FALSE,FALSE,FALSE,FALSE,FALSE,TRUE,FALSE,FALSE,,Live trading session log
options-bot/logs/live_20260301_201228.log,13715,log,log,FALSE,FALSE,FALSE,FALSE,FALSE,FALSE,TRUE,FALSE,FALSE,,Live trading session log
options-bot/logs/live_20260301_201720.log,79002064,log,log,FALSE,FALSE,FALSE,FALSE,FALSE,FALSE,TRUE,FALSE,FALSE,,Live trading session log
options-bot/logs/live_20260302_111748.log,80290,log,log,FALSE,FALSE,FALSE,FALSE,FALSE,FALSE,TRUE,FALSE,FALSE,,Live trading session log
options-bot/logs/live_20260302_121321.log,477995,log,log,FALSE,FALSE,FALSE,FALSE,FALSE,FALSE,TRUE,FALSE,FALSE,,Live trading session log
options-bot/logs/live_20260302_125345.log,2176965,log,log,FALSE,FALSE,FALSE,FALSE,FALSE,FALSE,TRUE,FALSE,FALSE,,Live trading session log
options-bot/logs/live_20260302_221819.log,4428,log,log,FALSE,FALSE,FALSE,FALSE,FALSE,FALSE,TRUE,FALSE,FALSE,,Live trading session log
options-bot/logs/live_20260302_221852.log,4604,log,log,FALSE,FALSE,FALSE,FALSE,FALSE,FALSE,TRUE,FALSE,FALSE,,Live trading session log
options-bot/logs/live_20260303_091951.log,916,log,log,FALSE,FALSE,FALSE,FALSE,FALSE,FALSE,TRUE,FALSE,FALSE,,Live trading session log
options-bot/logs/live_20260303_093042.log,915,log,log,FALSE,FALSE,FALSE,FALSE,FALSE,FALSE,TRUE,FALSE,FALSE,,Live trading session log
options-bot/logs/live_20260303_115416.log,135,log,log,FALSE,FALSE,FALSE,FALSE,FALSE,FALSE,TRUE,FALSE,FALSE,,Live trading session log
options-bot/logs/live_20260303_115458.log,634,log,log,FALSE,FALSE,FALSE,FALSE,FALSE,FALSE,TRUE,FALSE,FALSE,,Live trading session log
options-bot/logs/live_20260303_121738.log,916,log,log,FALSE,FALSE,FALSE,FALSE,FALSE,FALSE,TRUE,FALSE,FALSE,,Live trading session log
options-bot/logs/live_20260303_131621.log,135,log,log,FALSE,FALSE,FALSE,FALSE,FALSE,FALSE,TRUE,FALSE,FALSE,,Live trading session log
options-bot/logs/live_20260303_131702.log,634,log,log,FALSE,FALSE,FALSE,FALSE,FALSE,FALSE,TRUE,FALSE,FALSE,,Live trading session log
options-bot/logs/live_20260303_135646.log,915,log,log,FALSE,FALSE,FALSE,FALSE,FALSE,FALSE,TRUE,FALSE,FALSE,,Live trading session log
options-bot/logs/live_20260303_153033.log,135,log,log,FALSE,FALSE,FALSE,FALSE,FALSE,FALSE,TRUE,FALSE,FALSE,,Live trading session log
options-bot/logs/live_20260303_171702.log,135,log,log,FALSE,FALSE,FALSE,FALSE,FALSE,FALSE,TRUE,FALSE,FALSE,,Live trading session log
options-bot/logs/live_20260303_171711.log,135,log,log,FALSE,FALSE,FALSE,FALSE,FALSE,FALSE,TRUE,FALSE,FALSE,,Live trading session log
options-bot/logs/live_20260303_171721.log,135,log,log,FALSE,FALSE,FALSE,FALSE,FALSE,FALSE,TRUE,FALSE,FALSE,,Live trading session log
options-bot/logs/live_20260303_183026.log,135,log,log,FALSE,FALSE,FALSE,FALSE,FALSE,FALSE,TRUE,FALSE,FALSE,,Live trading session log
options-bot/logs/live_20260303_184414.log,135,log,log,FALSE,FALSE,FALSE,FALSE,FALSE,FALSE,TRUE,FALSE,FALSE,,Live trading session log
options-bot/logs/live_20260303_184441.log,135,log,log,FALSE,FALSE,FALSE,FALSE,FALSE,FALSE,TRUE,FALSE,FALSE,,Live trading session log
options-bot/logs/live_20260303_184453.log,916,log,log,FALSE,FALSE,FALSE,FALSE,FALSE,FALSE,TRUE,FALSE,FALSE,,Live trading session log
options-bot/logs/live_20260303_195015.log,135,log,log,FALSE,FALSE,FALSE,FALSE,FALSE,FALSE,TRUE,FALSE,FALSE,,Live trading session log
options-bot/logs/live_20260303_195512.log,135,log,log,FALSE,FALSE,FALSE,FALSE,FALSE,FALSE,TRUE,FALSE,FALSE,,Live trading session log
options-bot/logs/live_20260303_200106.log,135,log,log,FALSE,FALSE,FALSE,FALSE,FALSE,FALSE,TRUE,FALSE,FALSE,,Live trading session log
options-bot/logs/live_20260304_022015.log,6476599,log,log,FALSE,FALSE,FALSE,FALSE,FALSE,FALSE,TRUE,FALSE,FALSE,,Live trading session log
options-bot/logs/live_20260304_022015.log.1,10485549,log,log,FALSE,FALSE,FALSE,FALSE,FALSE,FALSE,TRUE,FALSE,FALSE,,Live trading session log
options-bot/logs/live_20260304_022015.log.2,10485547,log,log,FALSE,FALSE,FALSE,FALSE,FALSE,FALSE,TRUE,FALSE,FALSE,,Live trading session log
options-bot/logs/live_20260304_022015.log.3,10485681,log,log,FALSE,FALSE,FALSE,FALSE,FALSE,FALSE,TRUE,FALSE,FALSE,,Live trading session log
options-bot/logs/live_20260304_111344.log,3548514,log,log,FALSE,FALSE,FALSE,FALSE,FALSE,FALSE,TRUE,FALSE,FALSE,,Live trading session log
options-bot/logs/live_20260304_122837.log,280140,log,log,FALSE,FALSE,FALSE,FALSE,FALSE,FALSE,TRUE,FALSE,FALSE,,Live trading session log
options-bot/logs/live_20260304_122859.log,171373,log,log,FALSE,FALSE,FALSE,FALSE,FALSE,FALSE,TRUE,FALSE,FALSE,,Live trading session log
options-bot/logs/live_20260304_123609.log,19715,log,log,FALSE,FALSE,FALSE,FALSE,FALSE,FALSE,TRUE,FALSE,FALSE,,Live trading session log
options-bot/logs/live_20260304_124427.log,159501,log,log,FALSE,FALSE,FALSE,FALSE,FALSE,FALSE,TRUE,FALSE,FALSE,,Live trading session log
options-bot/logs/live_20260304_125932.log,203260,log,log,FALSE,FALSE,FALSE,FALSE,FALSE,FALSE,TRUE,FALSE,FALSE,,Live trading session log
options-bot/logs/live_20260304_130644.log,233651,log,log,FALSE,FALSE,FALSE,FALSE,FALSE,FALSE,TRUE,FALSE,FALSE,,Live trading session log
options-bot/logs/live_20260304_130735.log,347739,log,log,FALSE,FALSE,FALSE,FALSE,FALSE,FALSE,TRUE,FALSE,FALSE,,Live trading session log
options-bot/logs/live_20260304_133631.log,168157,log,log,FALSE,FALSE,FALSE,FALSE,FALSE,FALSE,TRUE,FALSE,FALSE,,Live trading session log
options-bot/logs/live_20260304_133658.log,122893,log,log,FALSE,FALSE,FALSE,FALSE,FALSE,FALSE,TRUE,FALSE,FALSE,,Live trading session log
options-bot/logs/live_20260304_135424.log,129461,log,log,FALSE,FALSE,FALSE,FALSE,FALSE,FALSE,TRUE,FALSE,FALSE,,Live trading session log
options-bot/logs/live_20260304_135448.log,150103,log,log,FALSE,FALSE,FALSE,FALSE,FALSE,FALSE,TRUE,FALSE,FALSE,,Live trading session log
options-bot/logs/live_20260304_142159.log,148709,log,log,FALSE,FALSE,FALSE,FALSE,FALSE,FALSE,TRUE,FALSE,FALSE,,Live trading session log
options-bot/logs/live_20260304_142239.log,206014,log,log,FALSE,FALSE,FALSE,FALSE,FALSE,FALSE,TRUE,FALSE,FALSE,,Live trading session log
options-bot/logs/live_20260304_154431.log,2059895,log,log,FALSE,FALSE,FALSE,FALSE,FALSE,FALSE,TRUE,FALSE,FALSE,,Live trading session log
options-bot/logs/live_20260304_154758.log,529510,log,log,FALSE,FALSE,FALSE,FALSE,FALSE,FALSE,TRUE,FALSE,FALSE,,Live trading session log
options-bot/logs/live_20260304_212206.log,2609417,log,log,FALSE,FALSE,FALSE,FALSE,FALSE,FALSE,TRUE,FALSE,FALSE,,Live trading session log
options-bot/logs/live_20260304_212206.log.1,10485708,log,log,FALSE,FALSE,FALSE,FALSE,FALSE,FALSE,TRUE,FALSE,FALSE,,Live trading session log
options-bot/logs/live_20260304_212206.log.2,10485709,log,log,FALSE,FALSE,FALSE,FALSE,FALSE,FALSE,TRUE,FALSE,FALSE,,Live trading session log
options-bot/logs/live_20260304_212206.log.3,10485748,log,log,FALSE,FALSE,FALSE,FALSE,FALSE,FALSE,TRUE,FALSE,FALSE,,Live trading session log
options-bot/logs/live_20260304_212206.log.4,10485643,log,log,FALSE,FALSE,FALSE,FALSE,FALSE,FALSE,TRUE,FALSE,FALSE,,Live trading session log
options-bot/logs/live_20260304_212206.log.5,10485742,log,log,FALSE,FALSE,FALSE,FALSE,FALSE,FALSE,TRUE,FALSE,FALSE,,Live trading session log
options-bot/logs/live_20260305_095027.log,358723,log,log,FALSE,FALSE,FALSE,FALSE,FALSE,FALSE,TRUE,FALSE,FALSE,,Live trading session log
options-bot/logs/live_20260305_105516.log,476964,log,log,FALSE,FALSE,FALSE,FALSE,FALSE,FALSE,TRUE,FALSE,FALSE,,Live trading session log
options-bot/logs/live_20260305_110230.log,399201,log,log,FALSE,FALSE,FALSE,FALSE,FALSE,FALSE,TRUE,FALSE,FALSE,,Live trading session log
options-bot/logs/live_20260305_113337.log,418087,log,log,FALSE,FALSE,FALSE,FALSE,FALSE,FALSE,TRUE,FALSE,FALSE,,Live trading session log
options-bot/logs/live_20260305_113429.log,144688,log,log,FALSE,FALSE,FALSE,FALSE,FALSE,FALSE,TRUE,FALSE,FALSE,,Live trading session log
options-bot/logs/live_20260305_115522.log,375206,log,log,FALSE,FALSE,FALSE,FALSE,FALSE,FALSE,TRUE,FALSE,FALSE,,Live trading session log
options-bot/logs/live_20260305_115706.log,3519382,log,log,FALSE,FALSE,FALSE,FALSE,FALSE,FALSE,TRUE,FALSE,FALSE,,Live trading session log
options-bot/logs/live_20260305_133756.log,221630,log,log,FALSE,FALSE,FALSE,FALSE,FALSE,FALSE,TRUE,FALSE,FALSE,,Live trading session log
options-bot/logs/live_20260305_151049.log,750821,log,log,FALSE,FALSE,FALSE,FALSE,FALSE,FALSE,TRUE,FALSE,FALSE,,Live trading session log
options-bot/logs/live_20260305_160326.log,129594,log,log,FALSE,FALSE,FALSE,FALSE,FALSE,FALSE,TRUE,FALSE,FALSE,,Live trading session log
options-bot/logs/live_20260305_161215.log,48139,log,log,FALSE,FALSE,FALSE,FALSE,FALSE,FALSE,TRUE,FALSE,FALSE,,Live trading session log
options-bot/logs/live_20260305_164107.log,49533,log,log,FALSE,FALSE,FALSE,FALSE,FALSE,FALSE,TRUE,FALSE,FALSE,,Live trading session log
options-bot/logs/live_20260306_091720.log,157529,log,log,FALSE,FALSE,FALSE,FALSE,FALSE,FALSE,TRUE,FALSE,FALSE,,Live trading session log
options-bot/logs/live_20260306_091751.log,83927,log,log,FALSE,FALSE,FALSE,FALSE,FALSE,FALSE,TRUE,FALSE,FALSE,,Live trading session log
options-bot/logs/live_20260306_092401.log,183040,log,log,FALSE,FALSE,FALSE,FALSE,FALSE,FALSE,TRUE,FALSE,FALSE,,Live trading session log
options-bot/logs/live_20260306_093411.log,518958,log,log,FALSE,FALSE,FALSE,FALSE,FALSE,FALSE,TRUE,FALSE,FALSE,,Live trading session log
options-bot/logs/live_20260306_100231.log,522625,log,log,FALSE,FALSE,FALSE,FALSE,FALSE,FALSE,TRUE,FALSE,FALSE,,Live trading session log
options-bot/logs/live_20260306_100244.log,617891,log,log,FALSE,FALSE,FALSE,FALSE,FALSE,FALSE,TRUE,FALSE,FALSE,,Live trading session log
options-bot/logs/live_20260309_094722.log,235965,log,log,FALSE,FALSE,FALSE,FALSE,FALSE,FALSE,TRUE,FALSE,FALSE,,Live trading session log
options-bot/logs/live_20260309_094744.log,1727689,log,log,FALSE,FALSE,FALSE,FALSE,FALSE,FALSE,TRUE,FALSE,FALSE,,Live trading session log
options-bot/logs/live_20260309_114220.log,403425,log,log,FALSE,FALSE,FALSE,FALSE,FALSE,FALSE,TRUE,FALSE,FALSE,,Live trading session log
options-bot/logs/live_20260309_114452.log,7311729,log,log,FALSE,FALSE,FALSE,FALSE,FALSE,FALSE,TRUE,FALSE,FALSE,,Live trading session log
options-bot/logs/live_20260309_114452.log.2,10487062,log,log,FALSE,FALSE,FALSE,FALSE,FALSE,FALSE,TRUE,FALSE,FALSE,,Live trading session log
options-bot/logs/live_20260309_114452.log.5,10486387,log,log,FALSE,FALSE,FALSE,FALSE,FALSE,FALSE,TRUE,FALSE,FALSE,,Live trading session log
options-bot/logs/live_20260310_093450.log,96289,log,log,FALSE,FALSE,FALSE,FALSE,FALSE,FALSE,TRUE,FALSE,FALSE,,Live trading session log
options-bot/logs/live_20260310_093503.log,1284337,log,log,FALSE,FALSE,FALSE,FALSE,FALSE,FALSE,TRUE,FALSE,FALSE,,Live trading session log
options-bot/logs/live_20260310_105137.log,242590,log,log,FALSE,FALSE,FALSE,FALSE,FALSE,FALSE,TRUE,FALSE,FALSE,,Live trading session log
options-bot/logs/live_20260310_105152.log,2942606,log,log,FALSE,FALSE,FALSE,FALSE,FALSE,FALSE,TRUE,FALSE,FALSE,,Live trading session log
options-bot/logs/live_20260310_105152.log.2,10484770,log,log,FALSE,FALSE,FALSE,FALSE,FALSE,FALSE,TRUE,FALSE,FALSE,,Live trading session log
options-bot/logs/live_20260310_105152.log.5,10487447,log,log,FALSE,FALSE,FALSE,FALSE,FALSE,FALSE,TRUE,FALSE,FALSE,,Live trading session log
options-bot/logs/live_20260311_083526.log,149691,log,log,FALSE,FALSE,FALSE,FALSE,FALSE,FALSE,TRUE,FALSE,FALSE,,Live trading session log
options-bot/logs/live_20260311_083544.log,734309,log,log,FALSE,FALSE,FALSE,FALSE,FALSE,FALSE,TRUE,FALSE,FALSE,,Live trading session log
options-bot/logs/live_20260311_094202.log,240792,log,log,FALSE,FALSE,FALSE,FALSE,FALSE,FALSE,TRUE,FALSE,FALSE,,Live trading session log
options-bot/logs/live_20260311_094222.log,212217,log,log,FALSE,FALSE,FALSE,FALSE,FALSE,FALSE,TRUE,FALSE,FALSE,,Live trading session log
options-bot/logs/live_20260311_095244.log,1598140,log,log,FALSE,FALSE,FALSE,FALSE,FALSE,FALSE,TRUE,FALSE,FALSE,,Live trading session log
options-bot/logs/live_20260311_095957.log,6499460,log,log,FALSE,FALSE,FALSE,FALSE,FALSE,FALSE,TRUE,FALSE,FALSE,,Live trading session log
options-bot/logs/live_20260311_095957.log.1,10483906,log,log,FALSE,FALSE,FALSE,FALSE,FALSE,FALSE,TRUE,FALSE,FALSE,,Live trading session log
options-bot/logs/live_20260311_095957.log.5,10487734,log,log,FALSE,FALSE,FALSE,FALSE,FALSE,FALSE,TRUE,FALSE,FALSE,,Live trading session log
options-bot/main.py,21257,backend_source,py,TRUE,TRUE,TRUE,TRUE,FALSE,FALSE,FALSE,FALSE,FALSE,,Application entry point: Lumibot strategy launcher
options-bot/ml/__init__.py,0,backend_source,py,FALSE,FALSE,FALSE,TRUE,FALSE,FALSE,FALSE,FALSE,FALSE,,ML package init (empty)
options-bot/ml/__pycache__/__init__.cpython-313.pyc,111,build,pyc,FALSE,FALSE,FALSE,FALSE,FALSE,TRUE,FALSE,FALSE,FALSE,,Compiled bytecode for __init__
options-bot/ml/__pycache__/ensemble_predictor.cpython-313.pyc,36695,build,pyc,FALSE,FALSE,FALSE,FALSE,FALSE,TRUE,FALSE,FALSE,FALSE,,Compiled bytecode for ensemble_predictor
options-bot/ml/__pycache__/ev_filter.cpython-313.pyc,16724,build,pyc,FALSE,FALSE,FALSE,FALSE,FALSE,TRUE,FALSE,FALSE,FALSE,,Compiled bytecode for ev_filter
options-bot/ml/__pycache__/feedback_queue.cpython-313.pyc,2542,build,pyc,FALSE,FALSE,FALSE,FALSE,FALSE,TRUE,FALSE,FALSE,FALSE,,Compiled bytecode for feedback_queue
options-bot/ml/__pycache__/incremental_trainer.cpython-313.pyc,30566,build,pyc,FALSE,FALSE,FALSE,FALSE,FALSE,TRUE,FALSE,FALSE,FALSE,,Compiled bytecode for incremental_trainer
options-bot/ml/__pycache__/lgbm_predictor.cpython-313.pyc,5870,build,pyc,FALSE,FALSE,FALSE,FALSE,FALSE,TRUE,FALSE,FALSE,FALSE,,Compiled bytecode for lgbm_predictor
options-bot/ml/__pycache__/lgbm_trainer.cpython-313.pyc,20368,build,pyc,FALSE,FALSE,FALSE,FALSE,FALSE,TRUE,FALSE,FALSE,FALSE,,Compiled bytecode for lgbm_trainer
options-bot/ml/__pycache__/liquidity_filter.cpython-313.pyc,6375,build,pyc,FALSE,FALSE,FALSE,FALSE,FALSE,TRUE,FALSE,FALSE,FALSE,,Compiled bytecode for liquidity_filter
options-bot/ml/__pycache__/predictor.cpython-313.pyc,2187,build,pyc,FALSE,FALSE,FALSE,FALSE,FALSE,TRUE,FALSE,FALSE,FALSE,,Compiled bytecode for predictor
options-bot/ml/__pycache__/regime_adjuster.cpython-313.pyc,2899,build,pyc,FALSE,FALSE,FALSE,FALSE,FALSE,TRUE,FALSE,FALSE,FALSE,,Compiled bytecode for regime_adjuster
options-bot/ml/__pycache__/scalp_predictor.cpython-313.pyc,10907,build,pyc,FALSE,FALSE,FALSE,FALSE,FALSE,TRUE,FALSE,FALSE,FALSE,,Compiled bytecode for scalp_predictor
options-bot/ml/__pycache__/scalp_trainer.cpython-313.pyc,41654,build,pyc,FALSE,FALSE,FALSE,FALSE,FALSE,TRUE,FALSE,FALSE,FALSE,,Compiled bytecode for scalp_trainer
options-bot/ml/__pycache__/swing_classifier_predictor.cpython-313.pyc,8619,build,pyc,FALSE,FALSE,FALSE,FALSE,FALSE,TRUE,FALSE,FALSE,FALSE,,Compiled bytecode for swing_classifier_predictor
options-bot/ml/__pycache__/swing_classifier_trainer.cpython-313.pyc,43098,build,pyc,FALSE,FALSE,FALSE,FALSE,FALSE,TRUE,FALSE,FALSE,FALSE,,Compiled bytecode for swing_classifier_trainer
options-bot/ml/__pycache__/tft_predictor.cpython-313.pyc,19937,build,pyc,FALSE,FALSE,FALSE,FALSE,FALSE,TRUE,FALSE,FALSE,FALSE,,Compiled bytecode for tft_predictor
options-bot/ml/__pycache__/tft_trainer.cpython-313.pyc,45853,build,pyc,FALSE,FALSE,FALSE,FALSE,FALSE,TRUE,FALSE,FALSE,FALSE,,Compiled bytecode for tft_trainer
options-bot/ml/__pycache__/trainer.cpython-313.pyc,36190,build,pyc,FALSE,FALSE,FALSE,FALSE,FALSE,TRUE,FALSE,FALSE,FALSE,,Compiled bytecode for trainer
options-bot/ml/__pycache__/xgboost_predictor.cpython-313.pyc,5479,build,pyc,FALSE,FALSE,FALSE,FALSE,FALSE,TRUE,FALSE,FALSE,FALSE,,Compiled bytecode for xgboost_predictor
options-bot/ml/ensemble_predictor.py,35686,backend_source,py,TRUE,TRUE,TRUE,TRUE,FALSE,FALSE,FALSE,FALSE,FALSE,,Ensemble model predictor: combines XGB+TFT+LGBM
options-bot/ml/ev_filter.py,18540,backend_source,py,TRUE,TRUE,TRUE,TRUE,FALSE,FALSE,FALSE,FALSE,FALSE,,Expected value filter for trade signals
options-bot/ml/feature_engineering/__init__.py,0,backend_source,py,FALSE,FALSE,FALSE,TRUE,FALSE,FALSE,FALSE,FALSE,FALSE,,Feature engineering package init (empty)
options-bot/ml/feature_engineering/__pycache__/__init__.cpython-313.pyc,131,build,pyc,FALSE,FALSE,FALSE,FALSE,FALSE,TRUE,FALSE,FALSE,FALSE,,Compiled bytecode for __init__
options-bot/ml/feature_engineering/__pycache__/base_features.cpython-313.pyc,27205,build,pyc,FALSE,FALSE,FALSE,FALSE,FALSE,TRUE,FALSE,FALSE,FALSE,,Compiled bytecode for base_features
options-bot/ml/feature_engineering/__pycache__/general_features.cpython-313.pyc,3533,build,pyc,FALSE,FALSE,FALSE,FALSE,FALSE,TRUE,FALSE,FALSE,FALSE,,Compiled bytecode for general_features
options-bot/ml/feature_engineering/__pycache__/scalp_features.cpython-313.pyc,8881,build,pyc,FALSE,FALSE,FALSE,FALSE,FALSE,TRUE,FALSE,FALSE,FALSE,,Compiled bytecode for scalp_features
options-bot/ml/feature_engineering/__pycache__/swing_features.cpython-313.pyc,4472,build,pyc,FALSE,FALSE,FALSE,FALSE,FALSE,TRUE,FALSE,FALSE,FALSE,,Compiled bytecode for swing_features
options-bot/ml/feature_engineering/base_features.py,26971,backend_source,py,TRUE,TRUE,TRUE,TRUE,FALSE,FALSE,FALSE,FALSE,FALSE,,Base technical indicator features (73 features)
options-bot/ml/feature_engineering/general_features.py,3157,backend_source,py,TRUE,TRUE,TRUE,TRUE,FALSE,FALSE,FALSE,FALSE,FALSE,,General-purpose feature builder
options-bot/ml/feature_engineering/scalp_features.py,8512,backend_source,py,TRUE,TRUE,TRUE,TRUE,FALSE,FALSE,FALSE,FALSE,FALSE,,Scalp-specific features (15 features)
options-bot/ml/feature_engineering/swing_features.py,3768,backend_source,py,TRUE,TRUE,TRUE,TRUE,FALSE,FALSE,FALSE,FALSE,FALSE,,Swing-specific features
options-bot/ml/feedback_queue.py,1907,backend_source,py,TRUE,TRUE,TRUE,TRUE,FALSE,FALSE,FALSE,FALSE,FALSE,,Feedback queue for incremental learning
options-bot/ml/incremental_trainer.py,27797,backend_source,py,TRUE,TRUE,TRUE,TRUE,FALSE,FALSE,FALSE,FALSE,FALSE,,Incremental model retraining logic
options-bot/ml/lgbm_predictor.py,3562,backend_source,py,TRUE,TRUE,TRUE,TRUE,FALSE,FALSE,FALSE,FALSE,FALSE,,LightGBM model predictor
options-bot/ml/lgbm_trainer.py,14936,backend_source,py,TRUE,TRUE,TRUE,TRUE,FALSE,FALSE,FALSE,FALSE,FALSE,,LightGBM model trainer
options-bot/ml/liquidity_filter.py,6999,backend_source,py,TRUE,TRUE,TRUE,TRUE,FALSE,FALSE,FALSE,FALSE,FALSE,,Options liquidity filter (spread/volume)
options-bot/ml/predictor.py,1399,backend_source,py,TRUE,TRUE,TRUE,TRUE,FALSE,FALSE,FALSE,FALSE,FALSE,,Abstract base predictor interface
options-bot/ml/regime_adjuster.py,2942,backend_source,py,TRUE,TRUE,TRUE,TRUE,FALSE,FALSE,FALSE,FALSE,FALSE,,VIX regime adjustment for predictions
options-bot/ml/scalp_predictor.py,8522,backend_source,py,TRUE,TRUE,TRUE,TRUE,FALSE,FALSE,FALSE,FALSE,FALSE,,Scalp (0DTE SPY) model predictor
options-bot/ml/scalp_trainer.py,35886,backend_source,py,TRUE,TRUE,TRUE,TRUE,FALSE,FALSE,FALSE,FALSE,FALSE,,Scalp model trainer: XGBoost binary classifier
options-bot/ml/swing_classifier_predictor.py,6256,backend_source,py,TRUE,TRUE,TRUE,TRUE,FALSE,FALSE,FALSE,FALSE,FALSE,,Swing classifier model predictor
options-bot/ml/swing_classifier_trainer.py,35995,backend_source,py,TRUE,TRUE,TRUE,TRUE,FALSE,FALSE,FALSE,FALSE,FALSE,,Swing classifier model trainer
options-bot/ml/tft_predictor.py,20143,backend_source,py,TRUE,TRUE,TRUE,TRUE,FALSE,FALSE,FALSE,FALSE,FALSE,,Temporal Fusion Transformer predictor
options-bot/ml/tft_trainer.py,44954,backend_source,py,TRUE,TRUE,TRUE,TRUE,FALSE,FALSE,FALSE,FALSE,FALSE,,TFT model trainer (PyTorch Lightning)
options-bot/ml/trainer.py,31031,backend_source,py,TRUE,TRUE,TRUE,TRUE,FALSE,FALSE,FALSE,FALSE,FALSE,,XGBoost regression model trainer
options-bot/ml/xgboost_predictor.py,3277,backend_source,py,TRUE,TRUE,TRUE,TRUE,FALSE,FALSE,FALSE,FALSE,FALSE,,XGBoost regression model predictor
options-bot/models/.gitkeep,0,model_artifact,gitkeep,FALSE,FALSE,FALSE,FALSE,FALSE,TRUE,FALSE,FALSE,FALSE,,Placeholder to keep models directory in git
options-bot/models/ac3ff5ea-f8a8-4046-af54-d52efe8ec7f4_scalp_SPY_171859fb.joblib,634240,model_artifact,joblib,FALSE,FALSE,FALSE,FALSE,FALSE,TRUE,FALSE,FALSE,FALSE,,Trained scalp model artifact (XGBoost SPY 0DTE)
options-bot/models/ad48bf20-1913-4f40-b028-0580c9f48168_swing_cls_TSLA_ce4bfaf5.joblib,1033928,model_artifact,joblib,FALSE,FALSE,FALSE,FALSE,FALSE,TRUE,FALSE,FALSE,FALSE,,Trained swing classifier model artifact (XGBoost TSLA)
options-bot/requirements.txt,552,config,txt,FALSE,FALSE,FALSE,FALSE,TRUE,FALSE,FALSE,FALSE,FALSE,,Python package dependencies
options-bot/risk/__init__.py,0,backend_source,py,FALSE,FALSE,FALSE,TRUE,FALSE,FALSE,FALSE,FALSE,FALSE,,Risk package init (empty)
options-bot/risk/__pycache__/__init__.cpython-313.pyc,113,build,pyc,FALSE,FALSE,FALSE,FALSE,FALSE,TRUE,FALSE,FALSE,FALSE,,Compiled bytecode for __init__
options-bot/risk/__pycache__/risk_manager.cpython-313.pyc,28660,build,pyc,FALSE,FALSE,FALSE,FALSE,FALSE,TRUE,FALSE,FALSE,FALSE,,Compiled bytecode for risk_manager
options-bot/risk/risk_manager.py,24827,backend_source,py,TRUE,TRUE,TRUE,TRUE,FALSE,FALSE,FALSE,FALSE,FALSE,,Risk manager: position sizing and circuit breaker and limits
options-bot/scripts/__pycache__/audit_verify.cpython-313.pyc,10745,build,pyc,FALSE,FALSE,FALSE,FALSE,FALSE,TRUE,FALSE,FALSE,FALSE,,Compiled bytecode for audit_verify
options-bot/scripts/__pycache__/backtest.cpython-313.pyc,12250,build,pyc,FALSE,FALSE,FALSE,FALSE,FALSE,TRUE,FALSE,FALSE,FALSE,,Compiled bytecode for backtest
options-bot/scripts/__pycache__/diagnose_strategy.cpython-313.pyc,4919,build,pyc,FALSE,FALSE,FALSE,FALSE,FALSE,TRUE,FALSE,FALSE,FALSE,,Compiled bytecode for diagnose_strategy
options-bot/scripts/__pycache__/phase6_checkpoint.cpython-313.pyc,23587,build,pyc,FALSE,FALSE,FALSE,FALSE,FALSE,TRUE,FALSE,FALSE,FALSE,,Compiled bytecode for phase6_checkpoint
options-bot/scripts/__pycache__/startup_check.cpython-313.pyc,12109,build,pyc,FALSE,FALSE,FALSE,FALSE,FALSE,TRUE,FALSE,FALSE,FALSE,,Compiled bytecode for startup_check
options-bot/scripts/__pycache__/test_features.cpython-313.pyc,12071,build,pyc,FALSE,FALSE,FALSE,FALSE,FALSE,TRUE,FALSE,FALSE,FALSE,,Compiled bytecode for test_features
options-bot/scripts/__pycache__/test_providers.cpython-313.pyc,8056,build,pyc,FALSE,FALSE,FALSE,FALSE,FALSE,TRUE,FALSE,FALSE,FALSE,,Compiled bytecode for test_providers
options-bot/scripts/__pycache__/train_model.cpython-313.pyc,5829,build,pyc,FALSE,FALSE,FALSE,FALSE,FALSE,TRUE,FALSE,FALSE,FALSE,,Compiled bytecode for train_model
options-bot/scripts/__pycache__/validate_data.cpython-313.pyc,29749,build,pyc,FALSE,FALSE,FALSE,FALSE,FALSE,TRUE,FALSE,FALSE,FALSE,,Compiled bytecode for validate_data
options-bot/scripts/__pycache__/validate_model.cpython-313.pyc,12827,build,pyc,FALSE,FALSE,FALSE,FALSE,FALSE,TRUE,FALSE,FALSE,FALSE,,Compiled bytecode for validate_model
options-bot/scripts/__pycache__/walk_forward_backtest.cpython-313.pyc,13828,build,pyc,FALSE,FALSE,FALSE,FALSE,FALSE,TRUE,FALSE,FALSE,FALSE,,Compiled bytecode for walk_forward_backtest
options-bot/scripts/audit_verify.py,13705,script,py,TRUE,TRUE,TRUE,TRUE,FALSE,FALSE,FALSE,FALSE,FALSE,,Audit verification script
options-bot/scripts/backtest.py,10183,script,py,TRUE,TRUE,TRUE,TRUE,FALSE,FALSE,FALSE,FALSE,FALSE,,Backtesting runner script
options-bot/scripts/diagnose_strategy.py,3263,script,py,TRUE,TRUE,FALSE,TRUE,FALSE,FALSE,FALSE,FALSE,FALSE,,Strategy diagnostic/debug script
options-bot/scripts/startup_check.py,12895,script,py,TRUE,TRUE,TRUE,TRUE,FALSE,FALSE,FALSE,FALSE,FALSE,,Pre-launch system validation checks
options-bot/scripts/test_features.py,8046,script,py,TRUE,TRUE,TRUE,TRUE,FALSE,FALSE,FALSE,FALSE,FALSE,,Feature engineering test script
options-bot/scripts/test_providers.py,5664,script,py,TRUE,TRUE,TRUE,TRUE,FALSE,FALSE,FALSE,FALSE,FALSE,,Data provider test script
options-bot/scripts/train_model.py,3750,script,py,TRUE,TRUE,TRUE,TRUE,FALSE,FALSE,FALSE,FALSE,FALSE,,CLI model training script
options-bot/scripts/validate_data.py,27796,script,py,TRUE,TRUE,TRUE,TRUE,FALSE,FALSE,FALSE,FALSE,FALSE,,Data validation script
options-bot/scripts/validate_model.py,9095,script,py,TRUE,TRUE,TRUE,TRUE,FALSE,FALSE,FALSE,FALSE,FALSE,,Model validation script
options-bot/scripts/walk_forward_backtest.py,11080,script,py,TRUE,TRUE,TRUE,TRUE,FALSE,FALSE,FALSE,FALSE,FALSE,,Walk-forward backtest runner
options-bot/start_bot.bat,163,script,bat,FALSE,FALSE,FALSE,TRUE,FALSE,FALSE,FALSE,FALSE,FALSE,,Windows batch script to start the bot
options-bot/strategies/__init__.py,0,backend_source,py,FALSE,FALSE,FALSE,TRUE,FALSE,FALSE,FALSE,FALSE,FALSE,,Strategies package init (empty)
options-bot/strategies/__pycache__/__init__.cpython-313.pyc,119,build,pyc,FALSE,FALSE,FALSE,FALSE,FALSE,TRUE,FALSE,FALSE,FALSE,,Compiled bytecode for __init__
options-bot/strategies/__pycache__/base_strategy.cpython-313.pyc,87403,build,pyc,FALSE,FALSE,FALSE,FALSE,FALSE,TRUE,FALSE,FALSE,FALSE,,Compiled bytecode for base_strategy
options-bot/strategies/__pycache__/general_strategy.cpython-313.pyc,1253,build,pyc,FALSE,FALSE,FALSE,FALSE,FALSE,TRUE,FALSE,FALSE,FALSE,,Compiled bytecode for general_strategy
options-bot/strategies/__pycache__/scalp_strategy.cpython-313.pyc,1698,build,pyc,FALSE,FALSE,FALSE,FALSE,FALSE,TRUE,FALSE,FALSE,FALSE,,Compiled bytecode for scalp_strategy
options-bot/strategies/__pycache__/swing_strategy.cpython-313.pyc,1111,build,pyc,FALSE,FALSE,FALSE,FALSE,FALSE,TRUE,FALSE,FALSE,FALSE,,Compiled bytecode for swing_strategy
options-bot/strategies/base_strategy.py,100775,backend_source,py,TRUE,TRUE,TRUE,TRUE,FALSE,FALSE,FALSE,FALSE,FALSE,,Base trading strategy: signal generation and order execution
options-bot/strategies/general_strategy.py,855,backend_source,py,TRUE,TRUE,TRUE,TRUE,FALSE,FALSE,FALSE,FALSE,FALSE,,General strategy subclass
options-bot/strategies/scalp_strategy.py,1302,backend_source,py,TRUE,TRUE,TRUE,TRUE,FALSE,FALSE,FALSE,FALSE,FALSE,,Scalp (0DTE) strategy subclass
options-bot/strategies/swing_strategy.py,715,backend_source,py,TRUE,TRUE,TRUE,TRUE,FALSE,FALSE,FALSE,FALSE,FALSE,,Swing strategy subclass
options-bot/ui/.gitignore,253,config,gitignore,FALSE,FALSE,FALSE,FALSE,TRUE,FALSE,FALSE,FALSE,FALSE,,UI-specific git ignore rules
options-bot/ui/README.md,2555,documentation,md,FALSE,FALSE,FALSE,FALSE,FALSE,FALSE,FALSE,TRUE,FALSE,,Vite+React project readme (boilerplate)
options-bot/ui/dist/assets/index-D2vcLwuR.js,368452,build,js,FALSE,FALSE,FALSE,FALSE,FALSE,TRUE,FALSE,FALSE,FALSE,,Production JS bundle (minified)
options-bot/ui/dist/assets/index-yx7CmhFF.css,21362,build,css,FALSE,FALSE,FALSE,FALSE,FALSE,TRUE,FALSE,FALSE,FALSE,,Production CSS bundle (minified)
options-bot/ui/dist/index.html,690,build,html,FALSE,FALSE,FALSE,FALSE,FALSE,TRUE,FALSE,FALSE,FALSE,,Production HTML entry point
options-bot/ui/eslint.config.js,616,config,js,TRUE,TRUE,FALSE,FALSE,TRUE,FALSE,FALSE,FALSE,FALSE,,ESLint configuration
options-bot/ui/index.html,592,config,html,FALSE,FALSE,FALSE,FALSE,TRUE,FALSE,FALSE,FALSE,FALSE,,HTML entry point for Vite dev server
options-bot/ui/package-lock.json,162069,config,json,FALSE,FALSE,FALSE,FALSE,TRUE,FALSE,FALSE,FALSE,FALSE,,NPM dependency lockfile
options-bot/ui/package.json,898,config,json,FALSE,FALSE,FALSE,FALSE,TRUE,FALSE,FALSE,FALSE,FALSE,,NPM package manifest and scripts
options-bot/ui/postcss.config.js,80,config,js,FALSE,TRUE,FALSE,FALSE,TRUE,FALSE,FALSE,FALSE,FALSE,,PostCSS configuration for Tailwind
options-bot/ui/src/App.tsx,1805,frontend_source,tsx,TRUE,TRUE,TRUE,TRUE,FALSE,FALSE,FALSE,FALSE,FALSE,,React app root: router setup
options-bot/ui/src/api/client.ts,5935,frontend_source,ts,TRUE,TRUE,TRUE,TRUE,FALSE,FALSE,FALSE,FALSE,FALSE,,API client: fetch wrappers for all endpoints
options-bot/ui/src/components/ConnIndicator.tsx,505,frontend_source,tsx,FALSE,TRUE,TRUE,TRUE,FALSE,FALSE,FALSE,FALSE,FALSE,,WebSocket connection status indicator
options-bot/ui/src/components/Layout.tsx,3146,frontend_source,tsx,TRUE,TRUE,TRUE,TRUE,FALSE,FALSE,FALSE,FALSE,FALSE,,App shell layout with sidebar navigation
options-bot/ui/src/components/PageHeader.tsx,506,frontend_source,tsx,FALSE,TRUE,TRUE,TRUE,FALSE,FALSE,FALSE,FALSE,FALSE,,Reusable page header component
options-bot/ui/src/components/PnlCell.tsx,443,frontend_source,tsx,FALSE,TRUE,TRUE,TRUE,FALSE,FALSE,FALSE,FALSE,FALSE,,PnL display cell with color coding
options-bot/ui/src/components/ProfileForm.tsx,14761,frontend_source,tsx,TRUE,TRUE,TRUE,TRUE,FALSE,FALSE,FALSE,FALSE,FALSE,,Profile create/edit form component
options-bot/ui/src/components/Spinner.tsx,267,frontend_source,tsx,FALSE,TRUE,TRUE,TRUE,FALSE,FALSE,FALSE,FALSE,FALSE,,Loading spinner component
options-bot/ui/src/components/StatusBadge.tsx,923,frontend_source,tsx,FALSE,TRUE,TRUE,TRUE,FALSE,FALSE,FALSE,FALSE,FALSE,,Status badge display component
options-bot/ui/src/index.css,865,frontend_source,css,FALSE,FALSE,FALSE,TRUE,FALSE,FALSE,FALSE,FALSE,FALSE,,Global CSS: Tailwind directives and custom styles
options-bot/ui/src/main.tsx,237,frontend_source,tsx,TRUE,FALSE,FALSE,TRUE,FALSE,FALSE,FALSE,FALSE,FALSE,,React DOM mount point
options-bot/ui/src/pages/Dashboard.tsx,22253,frontend_source,tsx,TRUE,TRUE,TRUE,TRUE,FALSE,FALSE,FALSE,FALSE,FALSE,,Dashboard page: overview metrics and charts
options-bot/ui/src/pages/ProfileDetail.tsx,53132,frontend_source,tsx,TRUE,TRUE,TRUE,TRUE,FALSE,FALSE,FALSE,FALSE,FALSE,,Profile detail page: config and models and training
options-bot/ui/src/pages/Profiles.tsx,14219,frontend_source,tsx,TRUE,TRUE,TRUE,TRUE,FALSE,FALSE,FALSE,FALSE,FALSE,,Profiles list page
options-bot/ui/src/pages/SignalLogs.tsx,21670,frontend_source,tsx,TRUE,TRUE,TRUE,TRUE,FALSE,FALSE,FALSE,FALSE,FALSE,,Signal logs page: ML signal history
options-bot/ui/src/pages/System.tsx,35006,frontend_source,tsx,TRUE,TRUE,TRUE,TRUE,FALSE,FALSE,FALSE,FALSE,FALSE,,System page: health and logs and status
options-bot/ui/src/pages/Trades.tsx,20532,frontend_source,tsx,TRUE,TRUE,TRUE,TRUE,FALSE,FALSE,FALSE,FALSE,FALSE,,Trades page: trade history table
options-bot/ui/src/types/api.ts,6604,frontend_source,ts,FALSE,TRUE,TRUE,TRUE,FALSE,FALSE,FALSE,FALSE,FALSE,,TypeScript type definitions for API responses
options-bot/ui/tailwind.config.js,951,config,js,FALSE,TRUE,TRUE,FALSE,TRUE,FALSE,FALSE,FALSE,FALSE,,Tailwind CSS theme configuration
options-bot/ui/tsconfig.app.json,732,config,json,FALSE,FALSE,FALSE,FALSE,TRUE,FALSE,FALSE,FALSE,FALSE,,TypeScript config for app source
options-bot/ui/tsconfig.json,119,config,json,FALSE,FALSE,FALSE,FALSE,TRUE,FALSE,FALSE,FALSE,FALSE,,TypeScript root config
options-bot/ui/tsconfig.node.json,653,config,json,FALSE,FALSE,FALSE,FALSE,TRUE,FALSE,FALSE,FALSE,FALSE,,TypeScript config for Node/Vite
options-bot/ui/vite.config.ts,283,config,ts,TRUE,TRUE,FALSE,FALSE,TRUE,FALSE,FALSE,FALSE,FALSE,,Vite build configuration with API proxy
options-bot/utils/__init__.py,0,backend_source,py,FALSE,FALSE,FALSE,TRUE,FALSE,FALSE,FALSE,FALSE,FALSE,,Utils package init (empty)
options-bot/utils/__pycache__/__init__.cpython-313.pyc,114,build,pyc,FALSE,FALSE,FALSE,FALSE,FALSE,TRUE,FALSE,FALSE,FALSE,,Compiled bytecode for __init__
options-bot/utils/__pycache__/alerter.cpython-313.pyc,4417,build,pyc,FALSE,FALSE,FALSE,FALSE,FALSE,TRUE,FALSE,FALSE,FALSE,,Compiled bytecode for alerter
options-bot/utils/__pycache__/circuit_breaker.cpython-313.pyc,7498,build,pyc,FALSE,FALSE,FALSE,FALSE,FALSE,TRUE,FALSE,FALSE,FALSE,,Compiled bytecode for circuit_breaker
options-bot/utils/alerter.py,3596,backend_source,py,TRUE,TRUE,TRUE,TRUE,FALSE,FALSE,FALSE,FALSE,FALSE,,Alert/notification utility
options-bot/utils/circuit_breaker.py,5142,backend_source,py,TRUE,TRUE,TRUE,TRUE,FALSE,FALSE,FALSE,FALSE,FALSE,,Circuit breaker for error rate limiting
