file,symbol_type,symbol_name,line
options-bot/backend/app.py,AsyncFunctionDef,_save,42
options-bot/backend/app.py,AsyncFunctionDef,get_backtest_results,384
options-bot/backend/app.py,AsyncFunctionDef,lifespan,193
options-bot/backend/app.py,AsyncFunctionDef,run_backtest_endpoint,292
options-bot/backend/app.py,AsyncFunctionDef,serve_spa,451
options-bot/backend/app.py,FunctionDef,_backtest_job,66
options-bot/backend/app.py,FunctionDef,_store_backtest_result,37
options-bot/backend/database.py,AsyncFunctionDef,get_db,137
options-bot/backend/database.py,AsyncFunctionDef,init_db,148
options-bot/backend/db_log_handler.py,ClassDef,DatabaseLogHandler,18
options-bot/backend/db_log_handler.py,ClassDef,TrainingLogHandler,50
options-bot/backend/db_log_handler.py,FunctionDef,__init__,24
options-bot/backend/db_log_handler.py,FunctionDef,__init__,58
options-bot/backend/db_log_handler.py,FunctionDef,emit,28
options-bot/backend/db_log_handler.py,FunctionDef,emit,65
options-bot/backend/routes/models.py,AsyncFunctionDef,_find_sub_models,428
options-bot/backend/routes/models.py,AsyncFunctionDef,_update,116
options-bot/backend/routes/models.py,AsyncFunctionDef,_update,221
options-bot/backend/routes/models.py,AsyncFunctionDef,clear_training_logs,1059
options-bot/backend/routes/models.py,AsyncFunctionDef,get_feature_importance,1012
options-bot/backend/routes/models.py,AsyncFunctionDef,get_model,684
options-bot/backend/routes/models.py,AsyncFunctionDef,get_model_metrics,978
options-bot/backend/routes/models.py,AsyncFunctionDef,get_training_logs,1074
options-bot/backend/routes/models.py,AsyncFunctionDef,get_training_status,920
options-bot/backend/routes/models.py,AsyncFunctionDef,retrain_model,832
options-bot/backend/routes/models.py,AsyncFunctionDef,train_model_endpoint,717
options-bot/backend/routes/models.py,FunctionDef,_check_theta_or_raise,60
options-bot/backend/routes/models.py,FunctionDef,_ensemble_train_job,405
options-bot/backend/routes/models.py,FunctionDef,_extract_and_persist_importance,158
options-bot/backend/routes/models.py,FunctionDef,_full_train_job,251
options-bot/backend/routes/models.py,FunctionDef,_get_failure_status,135
options-bot/backend/routes/models.py,FunctionDef,_incremental_retrain_job,303
options-bot/backend/routes/models.py,FunctionDef,_install_training_logger,40
options-bot/backend/routes/models.py,FunctionDef,_lgbm_train_job,523
options-bot/backend/routes/models.py,FunctionDef,_remove_training_logger,51
options-bot/backend/routes/models.py,FunctionDef,_scalp_train_job,626
options-bot/backend/routes/models.py,FunctionDef,_set_profile_status,111
options-bot/backend/routes/models.py,FunctionDef,_swing_classifier_train_job,574
options-bot/backend/routes/models.py,FunctionDef,_tft_train_job,357
options-bot/backend/routes/profiles.py,AsyncFunctionDef,_full_profile_response,135
options-bot/backend/routes/profiles.py,AsyncFunctionDef,_get_trade_stats,98
options-bot/backend/routes/profiles.py,AsyncFunctionDef,activate_profile,388
options-bot/backend/routes/profiles.py,AsyncFunctionDef,create_profile,233
options-bot/backend/routes/profiles.py,AsyncFunctionDef,delete_profile,310
options-bot/backend/routes/profiles.py,AsyncFunctionDef,get_profile,200
options-bot/backend/routes/profiles.py,AsyncFunctionDef,list_profiles,165
options-bot/backend/routes/profiles.py,AsyncFunctionDef,pause_profile,417
options-bot/backend/routes/profiles.py,AsyncFunctionDef,update_profile,273
options-bot/backend/routes/profiles.py,FunctionDef,_build_profile_response,56
options-bot/backend/routes/profiles.py,FunctionDef,_delete_model_files,349
options-bot/backend/routes/profiles.py,FunctionDef,_model_row_to_summary,29
options-bot/backend/routes/signals.py,AsyncFunctionDef,export_signal_logs,46
options-bot/backend/routes/signals.py,AsyncFunctionDef,get_signal_logs,92
options-bot/backend/routes/signals.py,FunctionDef,_row_to_signal,24
options-bot/backend/routes/system.py,AsyncFunctionDef,clear_error_logs,252
options-bot/backend/routes/system.py,AsyncFunctionDef,get_model_health,319
options-bot/backend/routes/system.py,AsyncFunctionDef,get_pdt_status,207
options-bot/backend/routes/system.py,AsyncFunctionDef,get_recent_errors,266
options-bot/backend/routes/system.py,AsyncFunctionDef,get_system_status,58
options-bot/backend/routes/system.py,AsyncFunctionDef,get_training_queue_status,451
options-bot/backend/routes/system.py,AsyncFunctionDef,health_check,45
options-bot/backend/routes/system.py,FunctionDef,_check_alpaca,113
options-bot/backend/routes/system.py,FunctionDef,_check_theta,133
options-bot/backend/routes/system.py,FunctionDef,_get_equity,221
options-bot/backend/routes/system.py,FunctionDef,_read_circuit_states,25
options-bot/backend/routes/trades.py,AsyncFunctionDef,export_trades,119
options-bot/backend/routes/trades.py,AsyncFunctionDef,get_trade,191
options-bot/backend/routes/trades.py,AsyncFunctionDef,get_trade_stats,72
options-bot/backend/routes/trades.py,AsyncFunctionDef,list_active_trades,58
options-bot/backend/routes/trades.py,AsyncFunctionDef,list_trades,157
options-bot/backend/routes/trades.py,FunctionDef,_row_to_trade,24
options-bot/backend/routes/trading.py,AsyncFunctionDef,get_startable_profiles,648
options-bot/backend/routes/trading.py,AsyncFunctionDef,get_trading_status,407
options-bot/backend/routes/trading.py,AsyncFunctionDef,get_watchdog_stats,676
options-bot/backend/routes/trading.py,AsyncFunctionDef,restart_trading,633
options-bot/backend/routes/trading.py,AsyncFunctionDef,restore_process_registry,371
options-bot/backend/routes/trading.py,AsyncFunctionDef,start_trading,451
options-bot/backend/routes/trading.py,AsyncFunctionDef,stop_trading,559
options-bot/backend/routes/trading.py,FunctionDef,_build_process_info,334
options-bot/backend/routes/trading.py,FunctionDef,_clear_process_state,118
options-bot/backend/routes/trading.py,FunctionDef,_get_main_py_path,95
options-bot/backend/routes/trading.py,FunctionDef,_get_python_exe,90
options-bot/backend/routes/trading.py,FunctionDef,_is_process_alive,58
options-bot/backend/routes/trading.py,FunctionDef,_set_profile_status_sync,250
options-bot/backend/routes/trading.py,FunctionDef,_store_process_state,100
options-bot/backend/routes/trading.py,FunctionDef,_watchdog_check_once,168
options-bot/backend/routes/trading.py,FunctionDef,_watchdog_loop,136
options-bot/backend/routes/trading.py,FunctionDef,_watchdog_restart_profile,268
options-bot/backend/routes/trading.py,FunctionDef,start_watchdog,310
options-bot/backend/routes/trading.py,FunctionDef,stop_watchdog,327
options-bot/backend/schemas.py,ClassDef,BacktestRequest,225
options-bot/backend/schemas.py,ClassDef,BacktestResult,230
options-bot/backend/schemas.py,ClassDef,ErrorLogEntry,183
options-bot/backend/schemas.py,ClassDef,HealthCheck,171
options-bot/backend/schemas.py,ClassDef,ModelHealthEntry,190
options-bot/backend/schemas.py,ClassDef,ModelHealthResponse,203
options-bot/backend/schemas.py,ClassDef,ModelMetrics,87
options-bot/backend/schemas.py,ClassDef,ModelResponse,59
options-bot/backend/schemas.py,ClassDef,ModelSummary,28
options-bot/backend/schemas.py,ClassDef,PDTStatus,176
options-bot/backend/schemas.py,ClassDef,ProfileCreate,17
options-bot/backend/schemas.py,ClassDef,ProfileResponse,37
options-bot/backend/schemas.py,ClassDef,ProfileUpdate,23
options-bot/backend/schemas.py,ClassDef,SignalLogEntry,285
options-bot/backend/schemas.py,ClassDef,SystemStatus,156
options-bot/backend/schemas.py,ClassDef,TradeResponse,112
options-bot/backend/schemas.py,ClassDef,TradeStats,138
options-bot/backend/schemas.py,ClassDef,TradingProcessInfo,252
options-bot/backend/schemas.py,ClassDef,TradingStartRequest,266
options-bot/backend/schemas.py,ClassDef,TradingStartResponse,269
options-bot/backend/schemas.py,ClassDef,TradingStatusResponse,261
options-bot/backend/schemas.py,ClassDef,TradingStopRequest,273
options-bot/backend/schemas.py,ClassDef,TradingStopResponse,276
options-bot/backend/schemas.py,ClassDef,TrainRequest,74
options-bot/backend/schemas.py,ClassDef,TrainingLogEntry,100
options-bot/backend/schemas.py,ClassDef,TrainingQueueStatus,214
options-bot/backend/schemas.py,ClassDef,TrainingStatus,80
options-bot/data/alpaca_provider.py,ClassDef,AlpacaStockProvider,44
options-bot/data/alpaca_provider.py,FunctionDef,__init__,47
options-bot/data/alpaca_provider.py,FunctionDef,_init_clients,58
options-bot/data/alpaca_provider.py,FunctionDef,_timeframe_to_alpaca,78
options-bot/data/alpaca_provider.py,FunctionDef,get_historical_bars,96
options-bot/data/alpaca_provider.py,FunctionDef,get_latest_price,228
options-bot/data/alpaca_provider.py,FunctionDef,test_connection,249
options-bot/data/earnings_calendar.py,FunctionDef,_get_earnings_dates,82
options-bot/data/earnings_calendar.py,FunctionDef,has_earnings_in_window,22
options-bot/data/greeks_calculator.py,FunctionDef,_bs_d1_d2,42
options-bot/data/greeks_calculator.py,FunctionDef,compute_greeks,70
options-bot/data/greeks_calculator.py,FunctionDef,compute_greeks_vectorized,176
options-bot/data/options_data_fetcher.py,FunctionDef,_bs_price,50
options-bot/data/options_data_fetcher.py,FunctionDef,_fetch_eod_batch,129
options-bot/data/options_data_fetcher.py,FunctionDef,_implied_vol,64
options-bot/data/options_data_fetcher.py,FunctionDef,_pick_expiration_for_period,108
options-bot/data/options_data_fetcher.py,FunctionDef,_process_eod_day,182
options-bot/data/options_data_fetcher.py,FunctionDef,_third_friday,98
options-bot/data/options_data_fetcher.py,FunctionDef,fetch_options_for_training,328
options-bot/data/provider.py,ClassDef,OptionsDataProvider,58
options-bot/data/provider.py,ClassDef,StockDataProvider,20
options-bot/data/provider.py,FunctionDef,get_bulk_greeks_eod,151
options-bot/data/provider.py,FunctionDef,get_expirations,62
options-bot/data/provider.py,FunctionDef,get_historical_bars,24
options-bot/data/provider.py,FunctionDef,get_historical_eod,131
options-bot/data/provider.py,FunctionDef,get_historical_greeks,82
options-bot/data/provider.py,FunctionDef,get_historical_ohlc,111
options-bot/data/provider.py,FunctionDef,get_latest_price,48
options-bot/data/provider.py,FunctionDef,get_strikes,72
options-bot/data/provider.py,FunctionDef,test_connection,53
options-bot/data/provider.py,FunctionDef,test_connection,170
options-bot/data/theta_provider.py,ClassDef,ThetaOptionsProvider,46
options-bot/data/theta_provider.py,FunctionDef,__init__,49
options-bot/data/theta_provider.py,FunctionDef,_format_date,156
options-bot/data/theta_provider.py,FunctionDef,_format_strike,161
options-bot/data/theta_provider.py,FunctionDef,_parse_csv_response,123
options-bot/data/theta_provider.py,FunctionDef,_request,53
options-bot/data/theta_provider.py,FunctionDef,get_bulk_greeks_eod,425
options-bot/data/theta_provider.py,FunctionDef,get_expirations,165
options-bot/data/theta_provider.py,FunctionDef,get_historical_eod,392
options-bot/data/theta_provider.py,FunctionDef,get_historical_greeks,268
options-bot/data/theta_provider.py,FunctionDef,get_historical_ohlc,336
options-bot/data/theta_provider.py,FunctionDef,get_strikes,227
options-bot/data/theta_provider.py,FunctionDef,test_connection,478
options-bot/data/validator.py,FunctionDef,_check_bar_count,63
options-bot/data/validator.py,FunctionDef,_check_daily_completeness,231
options-bot/data/validator.py,FunctionDef,_check_data_depth,78
options-bot/data/validator.py,FunctionDef,_check_gaps,109
options-bot/data/validator.py,FunctionDef,_check_ohlcv_quality,159
options-bot/data/validator.py,FunctionDef,validate_all_symbols,436
options-bot/data/validator.py,FunctionDef,validate_symbol_data,266
options-bot/data/vix_provider.py,ClassDef,VIXProvider,33
options-bot/data/vix_provider.py,FunctionDef,__init__,39
options-bot/data/vix_provider.py,FunctionDef,fetch_vix_daily_bars,123
options-bot/data/vix_provider.py,FunctionDef,get_current_vix,45
options-bot/main.py,AsyncFunctionDef,_load,221
options-bot/main.py,FunctionDef,_get_strategy_class,285
options-bot/main.py,FunctionDef,_kill_existing_on_port,162
options-bot/main.py,FunctionDef,_print_startup_banner,113
options-bot/main.py,FunctionDef,_run,194
options-bot/main.py,FunctionDef,_shutdown_handler,86
options-bot/main.py,FunctionDef,load_profile_from_db,210
options-bot/main.py,FunctionDef,main,425
options-bot/main.py,FunctionDef,start_backend,184
options-bot/main.py,FunctionDef,start_trading_multi,358
options-bot/main.py,FunctionDef,start_trading_single,309
options-bot/ml/ensemble_predictor.py,AsyncFunctionDef,_save_to_db,729
options-bot/ml/ensemble_predictor.py,ClassDef,EnsemblePredictor,35
options-bot/ml/ensemble_predictor.py,FunctionDef,__init__,51
options-bot/ml/ensemble_predictor.py,FunctionDef,get_feature_importance,299
options-bot/ml/ensemble_predictor.py,FunctionDef,get_feature_names,295
options-bot/ml/ensemble_predictor.py,FunctionDef,load,72
options-bot/ml/ensemble_predictor.py,FunctionDef,predict,171
options-bot/ml/ensemble_predictor.py,FunctionDef,predict_batch,274
options-bot/ml/ensemble_predictor.py,FunctionDef,save,122
options-bot/ml/ensemble_predictor.py,FunctionDef,train_meta_learner,354
options-bot/ml/ev_filter.py,ClassDef,EVCandidate,27
options-bot/ml/ev_filter.py,FunctionDef,_estimate_delta,163
options-bot/ml/ev_filter.py,FunctionDef,get_implied_move_pct,43
options-bot/ml/ev_filter.py,FunctionDef,scan_chain_for_best_ev,202
options-bot/ml/feature_engineering/base_features.py,FunctionDef,compute_base_features,428
options-bot/ml/feature_engineering/base_features.py,FunctionDef,compute_options_features,203
options-bot/ml/feature_engineering/base_features.py,FunctionDef,compute_stock_features,30
options-bot/ml/feature_engineering/base_features.py,FunctionDef,get_base_feature_names,549
options-bot/ml/feature_engineering/general_features.py,FunctionDef,compute_general_features,17
options-bot/ml/feature_engineering/general_features.py,FunctionDef,get_general_feature_names,81
options-bot/ml/feature_engineering/scalp_features.py,FunctionDef,compute_scalp_features,21
options-bot/ml/feature_engineering/scalp_features.py,FunctionDef,get_scalp_feature_names,175
options-bot/ml/feature_engineering/swing_features.py,FunctionDef,compute_swing_features,17
options-bot/ml/feature_engineering/swing_features.py,FunctionDef,get_swing_feature_names,89
options-bot/ml/feedback_queue.py,FunctionDef,consume_pending_samples,57
options-bot/ml/feedback_queue.py,FunctionDef,enqueue_completed_sample,20
options-bot/ml/incremental_trainer.py,AsyncFunctionDef,_load,97
options-bot/ml/incremental_trainer.py,AsyncFunctionDef,_load,123
options-bot/ml/incremental_trainer.py,AsyncFunctionDef,_save,168
options-bot/ml/incremental_trainer.py,FunctionDef,_get_profile_model_id,116
options-bot/ml/incremental_trainer.py,FunctionDef,_load_model_record,88
options-bot/ml/incremental_trainer.py,FunctionDef,_run_async,69
options-bot/ml/incremental_trainer.py,FunctionDef,_save_incremental_model_to_db,144
options-bot/ml/incremental_trainer.py,FunctionDef,retrain_incremental,246
options-bot/ml/lgbm_predictor.py,ClassDef,LightGBMPredictor,22
options-bot/ml/lgbm_predictor.py,FunctionDef,__init__,25
options-bot/ml/lgbm_predictor.py,FunctionDef,get_feature_importance,89
options-bot/ml/lgbm_predictor.py,FunctionDef,get_feature_names,85
options-bot/ml/lgbm_predictor.py,FunctionDef,load,31
options-bot/ml/lgbm_predictor.py,FunctionDef,predict,58
options-bot/ml/lgbm_predictor.py,FunctionDef,predict_batch,76
options-bot/ml/lgbm_predictor.py,FunctionDef,save,42
options-bot/ml/lgbm_predictor.py,FunctionDef,set_model,53
options-bot/ml/lgbm_trainer.py,AsyncFunctionDef,_save_to_db,335
options-bot/ml/lgbm_trainer.py,FunctionDef,_run_async,302
options-bot/ml/lgbm_trainer.py,FunctionDef,_walk_forward_cv_lgbm,37
options-bot/ml/lgbm_trainer.py,FunctionDef,train_lgbm_model,120
options-bot/ml/liquidity_filter.py,ClassDef,LiquidityResult,20
options-bot/ml/liquidity_filter.py,FunctionDef,check_liquidity,28
options-bot/ml/liquidity_filter.py,FunctionDef,fetch_option_snapshot,128
options-bot/ml/predictor.py,ClassDef,ModelPredictor,12
options-bot/ml/predictor.py,FunctionDef,get_feature_importance,48
options-bot/ml/predictor.py,FunctionDef,get_feature_names,43
options-bot/ml/predictor.py,FunctionDef,predict,16
options-bot/ml/predictor.py,FunctionDef,predict_batch,30
options-bot/ml/regime_adjuster.py,FunctionDef,adjust_prediction_confidence,37
options-bot/ml/scalp_predictor.py,ClassDef,ScalpPredictor,33
options-bot/ml/scalp_predictor.py,FunctionDef,__init__,36
options-bot/ml/scalp_predictor.py,FunctionDef,_binary_to_signed_confidence,177
options-bot/ml/scalp_predictor.py,FunctionDef,_calibrate_p_up,148
options-bot/ml/scalp_predictor.py,FunctionDef,_legacy_proba_to_signed_confidence,195
options-bot/ml/scalp_predictor.py,FunctionDef,get_avg_30min_move_pct,170
options-bot/ml/scalp_predictor.py,FunctionDef,get_feature_importance,163
options-bot/ml/scalp_predictor.py,FunctionDef,get_feature_names,159
options-bot/ml/scalp_predictor.py,FunctionDef,load,46
options-bot/ml/scalp_predictor.py,FunctionDef,predict,97
options-bot/ml/scalp_predictor.py,FunctionDef,predict_batch,128
options-bot/ml/scalp_predictor.py,FunctionDef,save,67
options-bot/ml/scalp_predictor.py,FunctionDef,set_model,92
options-bot/ml/scalp_trainer.py,AsyncFunctionDef,_save_to_db,795
options-bot/ml/scalp_trainer.py,FunctionDef,_calculate_binary_target,115
options-bot/ml/scalp_trainer.py,FunctionDef,_compute_all_features,61
options-bot/ml/scalp_trainer.py,FunctionDef,_get_feature_names,56
options-bot/ml/scalp_trainer.py,FunctionDef,_optuna_optimize_classifier,149
options-bot/ml/scalp_trainer.py,FunctionDef,_run_async,743
options-bot/ml/scalp_trainer.py,FunctionDef,_subsample_strided,135
options-bot/ml/scalp_trainer.py,FunctionDef,_walk_forward_cv_classifier,235
options-bot/ml/scalp_trainer.py,FunctionDef,objective,185
options-bot/ml/scalp_trainer.py,FunctionDef,train_scalp_model,365
options-bot/ml/swing_classifier_predictor.py,ClassDef,SwingClassifierPredictor,31
options-bot/ml/swing_classifier_predictor.py,FunctionDef,__init__,34
options-bot/ml/swing_classifier_predictor.py,FunctionDef,_binary_to_signed_confidence,147
options-bot/ml/swing_classifier_predictor.py,FunctionDef,get_avg_daily_move_pct,140
options-bot/ml/swing_classifier_predictor.py,FunctionDef,get_feature_importance,133
options-bot/ml/swing_classifier_predictor.py,FunctionDef,get_feature_names,129
options-bot/ml/swing_classifier_predictor.py,FunctionDef,load,43
options-bot/ml/swing_classifier_predictor.py,FunctionDef,predict,88
options-bot/ml/swing_classifier_predictor.py,FunctionDef,predict_batch,115
options-bot/ml/swing_classifier_predictor.py,FunctionDef,save,60
options-bot/ml/swing_classifier_predictor.py,FunctionDef,set_model,83
options-bot/ml/swing_classifier_trainer.py,AsyncFunctionDef,_save,604
options-bot/ml/swing_classifier_trainer.py,FunctionDef,_calculate_binary_target,113
options-bot/ml/swing_classifier_trainer.py,FunctionDef,_compute_all_features,59
options-bot/ml/swing_classifier_trainer.py,FunctionDef,_get_feature_names,54
options-bot/ml/swing_classifier_trainer.py,FunctionDef,_optuna_optimize_lgbm_classifier,223
options-bot/ml/swing_classifier_trainer.py,FunctionDef,_optuna_optimize_xgb_classifier,144
options-bot/ml/swing_classifier_trainer.py,FunctionDef,_prepare_training_data,447
options-bot/ml/swing_classifier_trainer.py,FunctionDef,_run_async,590
options-bot/ml/swing_classifier_trainer.py,FunctionDef,_save_to_db,572
options-bot/ml/swing_classifier_trainer.py,FunctionDef,_subsample_strided,133
options-bot/ml/swing_classifier_trainer.py,FunctionDef,_walk_forward_cv_classifier,301
options-bot/ml/swing_classifier_trainer.py,FunctionDef,objective,174
options-bot/ml/swing_classifier_trainer.py,FunctionDef,objective,255
options-bot/ml/swing_classifier_trainer.py,FunctionDef,train_swing_classifier_model,672
options-bot/ml/tft_predictor.py,ClassDef,TFTPredictor,37
options-bot/ml/tft_predictor.py,FunctionDef,__init__,47
options-bot/ml/tft_predictor.py,FunctionDef,_build_inference_df,335
options-bot/ml/tft_predictor.py,FunctionDef,_extract_variable_importance,435
options-bot/ml/tft_predictor.py,FunctionDef,_run_tft_inference,368
options-bot/ml/tft_predictor.py,FunctionDef,get_feature_importance,293
options-bot/ml/tft_predictor.py,FunctionDef,get_feature_names,289
options-bot/ml/tft_predictor.py,FunctionDef,load,63
options-bot/ml/tft_predictor.py,FunctionDef,predict,178
options-bot/ml/tft_predictor.py,FunctionDef,predict_batch,237
options-bot/ml/tft_predictor.py,FunctionDef,save,110
options-bot/ml/tft_trainer.py,AsyncFunctionDef,_save,680
options-bot/ml/tft_trainer.py,ClassDef,EpochLogger,104
options-bot/ml/tft_trainer.py,FunctionDef,_build_sequence_df,230
options-bot/ml/tft_trainer.py,FunctionDef,_build_timeseries_dataset,545
options-bot/ml/tft_trainer.py,FunctionDef,_compute_all_features,141
options-bot/ml/tft_trainer.py,FunctionDef,_get_feature_names,124
options-bot/ml/tft_trainer.py,FunctionDef,_make_epoch_logger,101
options-bot/ml/tft_trainer.py,FunctionDef,_make_strided_loader,72
options-bot/ml/tft_trainer.py,FunctionDef,_prediction_horizon_to_bars,195
options-bot/ml/tft_trainer.py,FunctionDef,_save_tft_model_to_db,662
options-bot/ml/tft_trainer.py,FunctionDef,_walk_forward_cv_tft,334
options-bot/ml/tft_trainer.py,FunctionDef,on_train_epoch_end,105
options-bot/ml/tft_trainer.py,FunctionDef,predict_dataset,592
options-bot/ml/tft_trainer.py,FunctionDef,train_tft_model,724
options-bot/ml/trainer.py,AsyncFunctionDef,_save_to_db,669
options-bot/ml/trainer.py,FunctionDef,_calculate_target,154
options-bot/ml/trainer.py,FunctionDef,_compute_all_features,93
options-bot/ml/trainer.py,FunctionDef,_get_feature_names,80
options-bot/ml/trainer.py,FunctionDef,_optuna_optimize,164
options-bot/ml/trainer.py,FunctionDef,_prediction_horizon_to_bars,48
options-bot/ml/trainer.py,FunctionDef,_run_async,633
options-bot/ml/trainer.py,FunctionDef,_walk_forward_cv,249
options-bot/ml/trainer.py,FunctionDef,objective,204
options-bot/ml/trainer.py,FunctionDef,train_model,370
options-bot/ml/xgboost_predictor.py,ClassDef,XGBoostPredictor,18
options-bot/ml/xgboost_predictor.py,FunctionDef,__init__,21
options-bot/ml/xgboost_predictor.py,FunctionDef,get_feature_importance,86
options-bot/ml/xgboost_predictor.py,FunctionDef,get_feature_names,82
options-bot/ml/xgboost_predictor.py,FunctionDef,load,27
options-bot/ml/xgboost_predictor.py,FunctionDef,predict,54
options-bot/ml/xgboost_predictor.py,FunctionDef,predict_batch,72
options-bot/ml/xgboost_predictor.py,FunctionDef,save,38
options-bot/ml/xgboost_predictor.py,FunctionDef,set_model,49
options-bot/risk/risk_manager.py,AsyncFunctionDef,_count,83
options-bot/risk/risk_manager.py,AsyncFunctionDef,_count,151
options-bot/risk/risk_manager.py,AsyncFunctionDef,_count,203
options-bot/risk/risk_manager.py,AsyncFunctionDef,_count,486
options-bot/risk/risk_manager.py,AsyncFunctionDef,_get_exposure,245
options-bot/risk/risk_manager.py,AsyncFunctionDef,_log,531
options-bot/risk/risk_manager.py,AsyncFunctionDef,_log,578
options-bot/risk/risk_manager.py,ClassDef,RiskManager,33
options-bot/risk/risk_manager.py,FunctionDef,__init__,42
options-bot/risk/risk_manager.py,FunctionDef,_get_profile_daily_trade_count,484
options-bot/risk/risk_manager.py,FunctionDef,_get_profile_open_count,199
options-bot/risk/risk_manager.py,FunctionDef,_run_async,62
options-bot/risk/risk_manager.py,FunctionDef,_start_async_loop,54
options-bot/risk/risk_manager.py,FunctionDef,calculate_position_size,373
options-bot/risk/risk_manager.py,FunctionDef,check_can_open_position,431
options-bot/risk/risk_manager.py,FunctionDef,check_emergency_stop_loss,301
options-bot/risk/risk_manager.py,FunctionDef,check_pdt,126
options-bot/risk/risk_manager.py,FunctionDef,check_pdt_limit,108
options-bot/risk/risk_manager.py,FunctionDef,check_portfolio_exposure,225
options-bot/risk/risk_manager.py,FunctionDef,check_position_limits,167
options-bot/risk/risk_manager.py,FunctionDef,get_day_trade_count,76
options-bot/risk/risk_manager.py,FunctionDef,get_open_position_count,147
options-bot/risk/risk_manager.py,FunctionDef,get_portfolio_greeks,609
options-bot/risk/risk_manager.py,FunctionDef,log_trade_close,560
options-bot/risk/risk_manager.py,FunctionDef,log_trade_open,509
options-bot/scripts/audit_verify.py,FunctionDef,check,20
options-bot/scripts/audit_verify.py,FunctionDef,section,35
options-bot/scripts/backtest.py,FunctionDef,_setup_logging,39
options-bot/scripts/backtest.py,FunctionDef,main,253
options-bot/scripts/backtest.py,FunctionDef,run_backtest,63
options-bot/scripts/startup_check.py,FunctionDef,check,46
options-bot/scripts/startup_check.py,FunctionDef,section,62
options-bot/scripts/train_model.py,AsyncFunctionDef,_load,42
options-bot/scripts/train_model.py,FunctionDef,get_profile_config,37
options-bot/scripts/train_model.py,FunctionDef,main,62
options-bot/scripts/validate_data.py,FunctionDef,main,649
options-bot/scripts/validate_data.py,FunctionDef,print_summary,602
options-bot/scripts/validate_data.py,FunctionDef,record,51
options-bot/scripts/validate_data.py,FunctionDef,test_alpaca_connection,62
options-bot/scripts/validate_data.py,FunctionDef,test_alpaca_options,201
options-bot/scripts/validate_data.py,FunctionDef,test_alpaca_stock_bars,111
options-bot/scripts/validate_data.py,FunctionDef,test_theta_connection,252
options-bot/scripts/validate_data.py,FunctionDef,test_theta_greeks,493
options-bot/scripts/validate_data.py,FunctionDef,test_theta_historical_options,341
options-bot/scripts/validate_model.py,AsyncFunctionDef,_query,186
options-bot/scripts/validate_model.py,FunctionDef,_validate_features,112
options-bot/scripts/validate_model.py,FunctionDef,get_expected_features,38
options-bot/scripts/validate_model.py,FunctionDef,validate_all_from_db,180
options-bot/scripts/validate_model.py,FunctionDef,validate_ensemble,90
options-bot/scripts/validate_model.py,FunctionDef,validate_tft,68
options-bot/scripts/validate_model.py,FunctionDef,validate_xgboost,49
options-bot/scripts/walk_forward_backtest.py,FunctionDef,_backtest_window,204
options-bot/scripts/walk_forward_backtest.py,FunctionDef,_print_summary,244
options-bot/scripts/walk_forward_backtest.py,FunctionDef,_save_results_csv,271
options-bot/scripts/walk_forward_backtest.py,FunctionDef,_train_window,172
options-bot/scripts/walk_forward_backtest.py,FunctionDef,main,291
options-bot/scripts/walk_forward_backtest.py,FunctionDef,run_walk_forward,51
options-bot/strategies/base_strategy.py,ClassDef,BaseOptionsStrategy,67
options-bot/strategies/base_strategy.py,FunctionDef,_check_entries,1179
options-bot/strategies/base_strategy.py,FunctionDef,_check_exits,568
options-bot/strategies/base_strategy.py,FunctionDef,_compute_rolling_accuracy,2245
options-bot/strategies/base_strategy.py,FunctionDef,_detect_model_type,276
options-bot/strategies/base_strategy.py,FunctionDef,_execute_exit,915
options-bot/strategies/base_strategy.py,FunctionDef,_export_circuit_state,531
options-bot/strategies/base_strategy.py,FunctionDef,_get_classifier_avg_move,264
options-bot/strategies/base_strategy.py,FunctionDef,_get_latest_features_for_override,823
options-bot/strategies/base_strategy.py,FunctionDef,_normalize_sleeptime,88
options-bot/strategies/base_strategy.py,FunctionDef,_persist_health_to_db,2292
options-bot/strategies/base_strategy.py,FunctionDef,_record_prediction,2172
options-bot/strategies/base_strategy.py,FunctionDef,_recover_open_trades,1094
options-bot/strategies/base_strategy.py,FunctionDef,_update_prediction_outcomes,2198
options-bot/strategies/base_strategy.py,FunctionDef,_write_signal_log,1046
options-bot/strategies/base_strategy.py,FunctionDef,after_market_closes,2165
options-bot/strategies/base_strategy.py,FunctionDef,before_market_opens,2161
options-bot/strategies/base_strategy.py,FunctionDef,initialize,116
options-bot/strategies/base_strategy.py,FunctionDef,on_bot_crash,2157
options-bot/strategies/base_strategy.py,FunctionDef,on_canceled_order,2153
options-bot/strategies/base_strategy.py,FunctionDef,on_filled_order,2147
options-bot/strategies/base_strategy.py,FunctionDef,on_trading_iteration,305
options-bot/strategies/base_strategy.py,FunctionDef,send_update_to_cloud,83
options-bot/strategies/base_strategy.py,FunctionDef,trace_stats,2327
options-bot/strategies/general_strategy.py,ClassDef,GeneralStrategy,28
options-bot/strategies/scalp_strategy.py,ClassDef,ScalpStrategy,37
options-bot/strategies/swing_strategy.py,ClassDef,SwingStrategy,27
options-bot/utils/alerter.py,FunctionDef,_send,68
options-bot/utils/alerter.py,FunctionDef,send_alert,27
options-bot/utils/circuit_breaker.py,ClassDef,CircuitBreaker,38
options-bot/utils/circuit_breaker.py,ClassDef,CircuitState,32
options-bot/utils/circuit_breaker.py,FunctionDef,__init__,41
options-bot/utils/circuit_breaker.py,FunctionDef,can_execute,76
options-bot/utils/circuit_breaker.py,FunctionDef,exponential_backoff,141
options-bot/utils/circuit_breaker.py,FunctionDef,get_stats,127
options-bot/utils/circuit_breaker.py,FunctionDef,record_failure,105
options-bot/utils/circuit_breaker.py,FunctionDef,record_success,91
options-bot/utils/circuit_breaker.py,FunctionDef,state,64
