file,line,kind,module_or_stmt,name
options-bot/backend/app.py,8,import,json,
options-bot/backend/app.py,9,import,logging,
options-bot/backend/app.py,10,import,threading,
options-bot/backend/app.py,11,from,contextlib,asynccontextmanager
options-bot/backend/app.py,12,from,datetime,datetime
options-bot/backend/app.py,12,from,datetime,timezone
options-bot/backend/app.py,13,from,pathlib,Path
options-bot/backend/app.py,15,from,fastapi,APIRouter
options-bot/backend/app.py,15,from,fastapi,FastAPI
options-bot/backend/app.py,16,from,fastapi.middleware.cors,CORSMiddleware
options-bot/backend/app.py,17,from,fastapi.staticfiles,StaticFiles
options-bot/backend/app.py,18,from,fastapi.responses,FileResponse
options-bot/backend/app.py,19,import,aiosqlite,
options-bot/backend/app.py,21,from,backend.database,get_db
options-bot/backend/app.py,21,from,backend.database,init_db
options-bot/backend/app.py,22,from,backend.routes,models
options-bot/backend/app.py,22,from,backend.routes,profiles
options-bot/backend/app.py,22,from,backend.routes,signals
options-bot/backend/app.py,22,from,backend.routes,system
options-bot/backend/app.py,22,from,backend.routes,trades
options-bot/backend/app.py,22,from,backend.routes,trading
options-bot/backend/app.py,23,from,backend.schemas,BacktestRequest
options-bot/backend/app.py,23,from,backend.schemas,BacktestResult
options-bot/backend/app.py,24,from,config,VERSION
options-bot/backend/app.py,39,import,asyncio,
options-bot/backend/app.py,40,import,aiosqlite,
options-bot/backend/app.py,44,import,sys,
options-bot/backend/app.py,45,from,pathlib,Path
options-bot/backend/app.py,47,from,config,DB_PATH
options-bot/backend/app.py,94,from,datetime,datetime
options-bot/backend/app.py,95,import,sys,
options-bot/backend/app.py,96,from,pathlib,Path
options-bot/backend/app.py,98,from,scripts.backtest,run_backtest
options-bot/backend/app.py,199,from,config,DB_PATH
options-bot/backend/app.py,308,from,config,DB_PATH
options-bot/backend/app.py,309,import,aiosqlite,
options-bot/backend/app.py,319,from,fastapi,HTTPException
options-bot/backend/app.py,323,from,fastapi,HTTPException
options-bot/backend/app.py,338,from,fastapi,HTTPException
options-bot/backend/app.py,347,from,fastapi,HTTPException
options-bot/backend/app.py,354,import,json,
options-bot/backend/app.py,392,from,config,DB_PATH
options-bot/backend/app.py,393,import,aiosqlite,
options-bot/backend/database.py,6,import,aiosqlite,
options-bot/backend/database.py,7,import,logging,
options-bot/backend/database.py,8,from,pathlib,Path
options-bot/backend/database.py,10,import,sys,
options-bot/backend/database.py,12,from,config,DB_PATH
options-bot/backend/db_log_handler.py,12,import,logging,
options-bot/backend/db_log_handler.py,13,import,sqlite3,
options-bot/backend/db_log_handler.py,14,import,threading,
options-bot/backend/db_log_handler.py,15,from,datetime,datetime
options-bot/backend/db_log_handler.py,15,from,datetime,timezone
options-bot/backend/routes/models.py,7,import,asyncio,
options-bot/backend/routes/models.py,8,import,json,
options-bot/backend/routes/models.py,9,import,logging,
options-bot/backend/routes/models.py,10,import,threading,
options-bot/backend/routes/models.py,11,from,datetime,datetime
options-bot/backend/routes/models.py,11,from,datetime,timezone
options-bot/backend/routes/models.py,12,from,typing,Optional
options-bot/backend/routes/models.py,14,from,fastapi,APIRouter
options-bot/backend/routes/models.py,14,from,fastapi,Depends
options-bot/backend/routes/models.py,14,from,fastapi,HTTPException
options-bot/backend/routes/models.py,15,import,aiosqlite,
options-bot/backend/routes/models.py,17,import,sys,
options-bot/backend/routes/models.py,18,from,pathlib,Path
options-bot/backend/routes/models.py,21,from,backend.database,get_db
options-bot/backend/routes/models.py,22,from,backend.schemas,ModelMetrics
options-bot/backend/routes/models.py,22,from,backend.schemas,ModelResponse
options-bot/backend/routes/models.py,22,from,backend.schemas,TrainRequest
options-bot/backend/routes/models.py,22,from,backend.schemas,TrainingLogEntry
options-bot/backend/routes/models.py,22,from,backend.schemas,TrainingStatus
options-bot/backend/routes/models.py,42,from,config,DB_PATH
options-bot/backend/routes/models.py,43,from,backend.db_log_handler,TrainingLogHandler
options-bot/backend/routes/models.py,65,import,requests,
options-bot/backend/routes/models.py,66,from,config,THETA_BASE_URL_V3
options-bot/backend/routes/models.py,113,import,asyncio,
options-bot/backend/routes/models.py,114,import,aiosqlite,
options-bot/backend/routes/models.py,117,from,config,DB_PATH
options-bot/backend/routes/models.py,141,import,sqlite3,
options-bot/backend/routes/models.py,142,from,config,DB_PATH
options-bot/backend/routes/models.py,171,import,asyncio,
options-bot/backend/routes/models.py,172,import,aiosqlite,
options-bot/backend/routes/models.py,173,import,json,
options-bot/backend/routes/models.py,174,from,config,DB_PATH
options-bot/backend/routes/models.py,180,from,ml.xgboost_predictor,XGBoostPredictor
options-bot/backend/routes/models.py,185,from,ml.tft_predictor,TFTPredictor
options-bot/backend/routes/models.py,190,from,ml.ensemble_predictor,EnsemblePredictor
options-bot/backend/routes/models.py,195,from,ml.lgbm_predictor,LightGBMPredictor
options-bot/backend/routes/models.py,200,from,ml.scalp_predictor,ScalpPredictor
options-bot/backend/routes/models.py,205,from,ml.swing_classifier_predictor,SwingClassifierPredictor
options-bot/backend/routes/models.py,265,from,ml.trainer,train_model
options-bot/backend/routes/models.py,317,from,ml.incremental_trainer,retrain_incremental
options-bot/backend/routes/models.py,370,from,ml.tft_trainer,train_tft_model
options-bot/backend/routes/models.py,414,import,asyncio,
options-bot/backend/routes/models.py,415,import,aiosqlite,
options-bot/backend/routes/models.py,416,import,json,
options-bot/backend/routes/models.py,417,from,config,DB_PATH
options-bot/backend/routes/models.py,480,from,ml.ensemble_predictor,EnsemblePredictor
options-bot/backend/routes/models.py,537,from,ml.lgbm_trainer,train_lgbm_model
options-bot/backend/routes/models.py,589,from,ml.swing_classifier_trainer,train_swing_classifier_model
options-bot/backend/routes/models.py,640,from,ml.scalp_trainer,train_scalp_model
options-bot/backend/routes/models.py,742,import,json,
options-bot/backend/routes/models.py,747,from,config,PRESET_DEFAULTS
options-bot/backend/routes/models.py,752,from,config,PRESET_MODEL_TYPES
options-bot/backend/routes/models.py,858,from,config,PRESET_MODEL_TYPES
options-bot/backend/routes/models.py,882,import,json,
options-bot/backend/routes/models.py,887,from,config,PRESET_DEFAULTS
options-bot/backend/routes/profiles.py,7,import,asyncio,
options-bot/backend/routes/profiles.py,8,import,json,
options-bot/backend/routes/profiles.py,9,import,uuid,
options-bot/backend/routes/profiles.py,10,import,logging,
options-bot/backend/routes/profiles.py,11,from,datetime,datetime
options-bot/backend/routes/profiles.py,11,from,datetime,timezone
options-bot/backend/routes/profiles.py,12,from,typing,Optional
options-bot/backend/routes/profiles.py,14,from,fastapi,APIRouter
options-bot/backend/routes/profiles.py,14,from,fastapi,Depends
options-bot/backend/routes/profiles.py,14,from,fastapi,HTTPException
options-bot/backend/routes/profiles.py,15,import,aiosqlite,
options-bot/backend/routes/profiles.py,17,import,sys,
options-bot/backend/routes/profiles.py,18,from,pathlib,Path
options-bot/backend/routes/profiles.py,20,from,config,PRESET_DEFAULTS
options-bot/backend/routes/profiles.py,22,from,backend.database,get_db
options-bot/backend/routes/profiles.py,23,from,backend.schemas,ModelSummary
options-bot/backend/routes/profiles.py,23,from,backend.schemas,ProfileCreate
options-bot/backend/routes/profiles.py,23,from,backend.schemas,ProfileResponse
options-bot/backend/routes/profiles.py,23,from,backend.schemas,ProfileUpdate
options-bot/backend/routes/profiles.py,76,from,config,PRESET_MODEL_TYPES
options-bot/backend/routes/profiles.py,346,import,shutil,
options-bot/backend/routes/profiles.py,347,from,pathlib,Path
options-bot/backend/routes/signals.py,7,import,csv,
options-bot/backend/routes/signals.py,8,import,io,
options-bot/backend/routes/signals.py,9,import,logging,
options-bot/backend/routes/signals.py,10,from,datetime,date
options-bot/backend/routes/signals.py,11,from,typing,Optional
options-bot/backend/routes/signals.py,13,from,fastapi,APIRouter
options-bot/backend/routes/signals.py,13,from,fastapi,Depends
options-bot/backend/routes/signals.py,13,from,fastapi,HTTPException
options-bot/backend/routes/signals.py,13,from,fastapi,Query
options-bot/backend/routes/signals.py,14,from,fastapi.responses,StreamingResponse
options-bot/backend/routes/signals.py,15,import,aiosqlite,
options-bot/backend/routes/signals.py,17,from,backend.database,get_db
options-bot/backend/routes/signals.py,18,from,backend.schemas,SignalLogEntry
options-bot/backend/routes/system.py,7,import,asyncio,
options-bot/backend/routes/system.py,8,import,time,
options-bot/backend/routes/system.py,9,import,logging,
options-bot/backend/routes/system.py,10,from,datetime,datetime
options-bot/backend/routes/system.py,10,from,datetime,timezone
options-bot/backend/routes/system.py,12,from,fastapi,APIRouter
options-bot/backend/routes/system.py,12,from,fastapi,Depends
options-bot/backend/routes/system.py,12,from,fastapi,Query
options-bot/backend/routes/system.py,13,import,aiosqlite,
options-bot/backend/routes/system.py,15,from,backend.database,get_db
options-bot/backend/routes/system.py,16,from,backend.schemas,ErrorLogEntry
options-bot/backend/routes/system.py,16,from,backend.schemas,HealthCheck
options-bot/backend/routes/system.py,16,from,backend.schemas,ModelHealthEntry
options-bot/backend/routes/system.py,16,from,backend.schemas,ModelHealthResponse
options-bot/backend/routes/system.py,16,from,backend.schemas,PDTStatus
options-bot/backend/routes/system.py,16,from,backend.schemas,SystemStatus
options-bot/backend/routes/system.py,16,from,backend.schemas,TrainingQueueStatus
options-bot/backend/routes/system.py,17,from,config,VERSION
options-bot/backend/routes/system.py,27,import,json,
options-bot/backend/routes/system.py,28,from,config,LOGS_DIR
options-bot/backend/routes/system.py,114,import,sys,
options-bot/backend/routes/system.py,115,from,pathlib,Path
options-bot/backend/routes/system.py,117,from,config,ALPACA_API_KEY
options-bot/backend/routes/system.py,117,from,config,ALPACA_API_SECRET
options-bot/backend/routes/system.py,117,from,config,ALPACA_PAPER
options-bot/backend/routes/system.py,119,from,alpaca.trading.client,TradingClient
options-bot/backend/routes/system.py,134,import,requests,
options-bot/backend/routes/system.py,135,from,config,THETA_BASE_URL_V3
options-bot/backend/routes/system.py,222,import,sys,
options-bot/backend/routes/system.py,223,from,pathlib,Path
options-bot/backend/routes/system.py,225,from,config,ALPACA_API_KEY
options-bot/backend/routes/system.py,225,from,config,ALPACA_API_SECRET
options-bot/backend/routes/system.py,225,from,config,ALPACA_PAPER
options-bot/backend/routes/system.py,227,from,alpaca.trading.client,TradingClient
options-bot/backend/routes/system.py,327,import,json,
options-bot/backend/routes/system.py,328,from,config,MODEL_STALE_THRESHOLD_DAYS
options-bot/backend/routes/system.py,453,from,config,TRAINING_QUEUE_MIN_SAMPLES
options-bot/backend/routes/trades.py,8,import,logging,
options-bot/backend/routes/trades.py,9,from,typing,Optional
options-bot/backend/routes/trades.py,11,from,fastapi,APIRouter
options-bot/backend/routes/trades.py,11,from,fastapi,Depends
options-bot/backend/routes/trades.py,11,from,fastapi,HTTPException
options-bot/backend/routes/trades.py,11,from,fastapi,Query
options-bot/backend/routes/trades.py,12,from,fastapi.responses,StreamingResponse
options-bot/backend/routes/trades.py,13,import,aiosqlite,
options-bot/backend/routes/trades.py,14,import,csv,
options-bot/backend/routes/trades.py,15,import,io,
options-bot/backend/routes/trades.py,17,from,backend.database,get_db
options-bot/backend/routes/trades.py,18,from,backend.schemas,TradeResponse
options-bot/backend/routes/trades.py,18,from,backend.schemas,TradeStats
options-bot/backend/routes/trading.py,8,import,asyncio,
options-bot/backend/routes/trading.py,9,import,json,
options-bot/backend/routes/trading.py,10,import,logging,
options-bot/backend/routes/trading.py,11,import,subprocess,
options-bot/backend/routes/trading.py,12,import,sys,
options-bot/backend/routes/trading.py,13,import,threading,
options-bot/backend/routes/trading.py,14,import,time,
options-bot/backend/routes/trading.py,15,from,datetime,datetime
options-bot/backend/routes/trading.py,15,from,datetime,timezone
options-bot/backend/routes/trading.py,16,from,pathlib,Path
options-bot/backend/routes/trading.py,17,from,typing,Optional
options-bot/backend/routes/trading.py,19,from,fastapi,APIRouter
options-bot/backend/routes/trading.py,19,from,fastapi,Depends
options-bot/backend/routes/trading.py,19,from,fastapi,HTTPException
options-bot/backend/routes/trading.py,20,import,aiosqlite,
options-bot/backend/routes/trading.py,23,from,config,DB_PATH
options-bot/backend/routes/trading.py,23,from,config,WATCHDOG_AUTO_RESTART
options-bot/backend/routes/trading.py,23,from,config,WATCHDOG_MAX_RESTARTS
options-bot/backend/routes/trading.py,23,from,config,WATCHDOG_POLL_INTERVAL_SECONDS
options-bot/backend/routes/trading.py,23,from,config,WATCHDOG_RESTART_DELAY_SECONDS
options-bot/backend/routes/trading.py,31,from,backend.database,get_db
options-bot/backend/routes/trading.py,32,from,backend.schemas,TradingProcessInfo
options-bot/backend/routes/trading.py,32,from,backend.schemas,TradingStartRequest
options-bot/backend/routes/trading.py,32,from,backend.schemas,TradingStartResponse
options-bot/backend/routes/trading.py,32,from,backend.schemas,TradingStatusResponse
options-bot/backend/routes/trading.py,32,from,backend.schemas,TradingStopRequest
options-bot/backend/routes/trading.py,32,from,backend.schemas,TradingStopResponse
options-bot/backend/routes/trading.py,64,import,ctypes,
options-bot/backend/routes/trading.py,65,import,ctypes.wintypes,
options-bot/backend/routes/trading.py,81,import,os,
options-bot/backend/routes/trading.py,102,import,sqlite3,
options-bot/backend/routes/trading.py,120,import,sqlite3,
options-bot/backend/routes/trading.py,252,import,sqlite3,
options-bot/backend/routes/trading.py,597,import,os,
options-bot/backend/routes/trading.py,598,import,signal,
options-bot/backend/schemas.py,9,from,pydantic,BaseModel
options-bot/backend/schemas.py,10,from,typing,Optional
options-bot/config.py,7,import,os,
options-bot/config.py,8,from,pathlib,Path
options-bot/config.py,9,from,dotenv,load_dotenv
options-bot/data/alpaca_provider.py,17,import,logging,
options-bot/data/alpaca_provider.py,18,import,time,
options-bot/data/alpaca_provider.py,19,from,datetime,datetime
options-bot/data/alpaca_provider.py,19,from,datetime,timedelta
options-bot/data/alpaca_provider.py,20,from,typing,Optional
options-bot/data/alpaca_provider.py,22,import,pandas,
options-bot/data/alpaca_provider.py,24,import,sys,
options-bot/data/alpaca_provider.py,25,from,pathlib,Path
options-bot/data/alpaca_provider.py,27,from,config,ALPACA_API_KEY
options-bot/data/alpaca_provider.py,27,from,config,ALPACA_API_SECRET
options-bot/data/alpaca_provider.py,27,from,config,ALPACA_PAPER
options-bot/data/alpaca_provider.py,28,from,config,ALPACA_CB_FAILURE_THRESHOLD
options-bot/data/alpaca_provider.py,28,from,config,ALPACA_CB_RESET_TIMEOUT
options-bot/data/alpaca_provider.py,28,from,config,RETRY_BACKOFF_BASE
options-bot/data/alpaca_provider.py,28,from,config,RETRY_BACKOFF_MAX
options-bot/data/alpaca_provider.py,32,from,utils.circuit_breaker,CircuitBreaker
options-bot/data/alpaca_provider.py,32,from,utils.circuit_breaker,exponential_backoff
options-bot/data/alpaca_provider.py,33,from,data.provider,StockDataProvider
options-bot/data/alpaca_provider.py,61,from,alpaca.data.historical,StockHistoricalDataClient
options-bot/data/alpaca_provider.py,62,from,alpaca.trading.client,TradingClient
options-bot/data/alpaca_provider.py,80,from,alpaca.data.timeframe,TimeFrame
options-bot/data/alpaca_provider.py,80,from,alpaca.data.timeframe,TimeFrameUnit
options-bot/data/alpaca_provider.py,125,from,alpaca.data.requests,StockBarsRequest
options-bot/data/alpaca_provider.py,236,from,alpaca.data.requests,StockLatestBarRequest
options-bot/data/earnings_calendar.py,10,import,logging,
options-bot/data/earnings_calendar.py,11,import,time,
options-bot/data/earnings_calendar.py,12,from,datetime,date
options-bot/data/earnings_calendar.py,12,from,datetime,timedelta
options-bot/data/earnings_calendar.py,13,from,typing,Optional
options-bot/data/earnings_calendar.py,100,import,yfinance,
options-bot/data/greeks_calculator.py,30,import,logging,
options-bot/data/greeks_calculator.py,31,import,numpy,
options-bot/data/greeks_calculator.py,32,from,scipy.stats,norm
options-bot/data/greeks_calculator.py,34,import,sys,
options-bot/data/greeks_calculator.py,35,from,pathlib,Path
options-bot/data/greeks_calculator.py,37,from,config,RISK_FREE_RATE
options-bot/data/options_data_fetcher.py,22,import,io,
options-bot/data/options_data_fetcher.py,23,import,logging,
options-bot/data/options_data_fetcher.py,24,import,time,
options-bot/data/options_data_fetcher.py,25,from,datetime,date
options-bot/data/options_data_fetcher.py,25,from,datetime,datetime
options-bot/data/options_data_fetcher.py,25,from,datetime,timedelta
options-bot/data/options_data_fetcher.py,26,from,pathlib,Path
options-bot/data/options_data_fetcher.py,27,from,typing,Optional
options-bot/data/options_data_fetcher.py,29,import,numpy,
options-bot/data/options_data_fetcher.py,30,import,pandas,
options-bot/data/options_data_fetcher.py,31,import,requests,
options-bot/data/options_data_fetcher.py,32,from,scipy.stats,norm
options-bot/data/options_data_fetcher.py,34,import,sys,
options-bot/data/options_data_fetcher.py,36,from,config,PROJECT_ROOT
options-bot/data/options_data_fetcher.py,36,from,config,RISK_FREE_RATE
options-bot/data/options_data_fetcher.py,36,from,config,THETA_BASE_URL_V3
options-bot/data/options_data_fetcher.py,245,from,data.greeks_calculator,compute_greeks
options-bot/data/options_data_fetcher.py,269,from,data.greeks_calculator,compute_greeks
options-bot/data/options_data_fetcher.py,427,from,collections,defaultdict
options-bot/data/provider.py,14,from,abc,ABC
options-bot/data/provider.py,14,from,abc,abstractmethod
options-bot/data/provider.py,15,from,datetime,date
options-bot/data/provider.py,15,from,datetime,datetime
options-bot/data/provider.py,16,from,typing,Optional
options-bot/data/provider.py,17,import,pandas,
options-bot/data/theta_provider.py,20,import,logging,
options-bot/data/theta_provider.py,21,import,time,
options-bot/data/theta_provider.py,22,import,io,
options-bot/data/theta_provider.py,23,from,datetime,date
options-bot/data/theta_provider.py,23,from,datetime,datetime
options-bot/data/theta_provider.py,24,from,typing,Optional
options-bot/data/theta_provider.py,26,import,pandas,
options-bot/data/theta_provider.py,27,import,requests,
options-bot/data/theta_provider.py,29,import,sys,
options-bot/data/theta_provider.py,30,from,pathlib,Path
options-bot/data/theta_provider.py,32,from,config,THETA_BASE_URL_V3
options-bot/data/theta_provider.py,33,from,data.provider,OptionsDataProvider
options-bot/data/validator.py,25,import,logging,
options-bot/data/validator.py,26,import,time,
options-bot/data/validator.py,27,from,datetime,datetime
options-bot/data/validator.py,27,from,datetime,timedelta
options-bot/data/validator.py,27,from,datetime,timezone
options-bot/data/validator.py,28,from,typing,Optional
options-bot/data/validator.py,30,import,numpy,
options-bot/data/validator.py,31,import,pandas,
options-bot/data/validator.py,33,import,sys,
options-bot/data/validator.py,34,from,pathlib,Path
options-bot/data/validator.py,332,from,data.alpaca_provider,AlpacaStockProvider
options-bot/data/validator.py,461,from,config,ALL_SYMBOLS
options-bot/data/vix_provider.py,14,import,logging,
options-bot/data/vix_provider.py,15,import,time,
options-bot/data/vix_provider.py,16,from,datetime,datetime
options-bot/data/vix_provider.py,16,from,datetime,timedelta
options-bot/data/vix_provider.py,16,from,datetime,timezone
options-bot/data/vix_provider.py,17,from,typing,Optional
options-bot/data/vix_provider.py,19,import,pandas,
options-bot/data/vix_provider.py,21,import,sys,
options-bot/data/vix_provider.py,22,from,pathlib,Path
options-bot/data/vix_provider.py,64,from,alpaca.data.historical,StockHistoricalDataClient
options-bot/data/vix_provider.py,65,from,alpaca.data.requests,StockBarsRequest
options-bot/data/vix_provider.py,66,from,alpaca.data.timeframe,TimeFrame
options-bot/data/vix_provider.py,67,from,config,ALPACA_API_KEY
options-bot/data/vix_provider.py,67,from,config,ALPACA_API_SECRET
options-bot/data/vix_provider.py,154,from,config,ALPACA_API_KEY
options-bot/data/vix_provider.py,154,from,config,ALPACA_API_SECRET
options-bot/data/vix_provider.py,154,from,config,VIX_PROXY_MID_TICKER
options-bot/data/vix_provider.py,154,from,config,VIX_PROXY_SHORT_TICKER
options-bot/data/vix_provider.py,164,from,data.alpaca_provider,AlpacaStockProvider
options-bot/main.py,22,import,argparse,
options-bot/main.py,23,import,json,
options-bot/main.py,24,import,logging,
options-bot/main.py,25,import,sys,
options-bot/main.py,26,import,threading,
options-bot/main.py,27,import,time,
options-bot/main.py,28,from,datetime,datetime
options-bot/main.py,29,from,pathlib,Path
options-bot/main.py,33,from,config,ALPACA_API_KEY
options-bot/main.py,33,from,config,DB_PATH
options-bot/main.py,33,from,config,LOGS_DIR
options-bot/main.py,33,from,config,LOG_FORMAT
options-bot/main.py,33,from,config,LOG_LEVEL
options-bot/main.py,33,from,config,PRESET_DEFAULTS
options-bot/main.py,33,from,config,VERSION
options-bot/main.py,53,from,logging.handlers,RotatingFileHandler
options-bot/main.py,54,from,config,LOG_BACKUP_COUNT
options-bot/main.py,54,from,config,LOG_MAX_BYTES
options-bot/main.py,67,from,backend.db_log_handler,DatabaseLogHandler
options-bot/main.py,79,import,signal,
options-bot/main.py,80,import,os,
options-bot/main.py,145,import,requests,
options-bot/main.py,146,from,config,THETA_BASE_URL_V3
options-bot/main.py,164,import,subprocess,
options-bot/main.py,188,import,uvicorn,
options-bot/main.py,189,from,backend.app,app
options-bot/main.py,218,import,aiosqlite,
options-bot/main.py,219,import,asyncio,
options-bot/main.py,292,from,strategies.swing_strategy,SwingStrategy
options-bot/main.py,295,from,strategies.general_strategy,GeneralStrategy
options-bot/main.py,298,from,strategies.scalp_strategy,ScalpStrategy
options-bot/main.py,305,from,strategies.base_strategy,BaseOptionsStrategy
options-bot/main.py,321,from,lumibot.brokers,Alpaca
options-bot/main.py,322,from,lumibot.traders,Trader
options-bot/main.py,323,from,config,ALPACA_API_KEY
options-bot/main.py,323,from,config,ALPACA_API_SECRET
options-bot/main.py,323,from,config,ALPACA_PAPER
options-bot/main.py,374,from,lumibot.brokers,Alpaca
options-bot/main.py,375,from,lumibot.traders,Trader
options-bot/main.py,376,from,config,ALPACA_API_KEY
options-bot/main.py,376,from,config,ALPACA_API_SECRET
options-bot/main.py,376,from,config,ALPACA_PAPER
options-bot/ml/ensemble_predictor.py,18,import,json,
options-bot/ml/ensemble_predictor.py,19,import,logging,
options-bot/ml/ensemble_predictor.py,20,from,pathlib,Path
options-bot/ml/ensemble_predictor.py,21,from,typing,Optional
options-bot/ml/ensemble_predictor.py,23,import,joblib,
options-bot/ml/ensemble_predictor.py,24,import,numpy,
options-bot/ml/ensemble_predictor.py,25,import,pandas,
options-bot/ml/ensemble_predictor.py,26,from,sklearn.linear_model,Ridge
options-bot/ml/ensemble_predictor.py,28,from,ml.predictor,ModelPredictor
options-bot/ml/ensemble_predictor.py,29,from,ml.xgboost_predictor,XGBoostPredictor
options-bot/ml/ensemble_predictor.py,30,from,ml.tft_predictor,ENCODER_LENGTH
options-bot/ml/ensemble_predictor.py,30,from,ml.tft_predictor,TFTPredictor
options-bot/ml/ensemble_predictor.py,106,from,ml.lgbm_predictor,LightGBMPredictor
options-bot/ml/ensemble_predictor.py,394,import,asyncio,
options-bot/ml/ensemble_predictor.py,395,import,time,
options-bot/ml/ensemble_predictor.py,396,import,uuid,
options-bot/ml/ensemble_predictor.py,397,import,aiosqlite,
options-bot/ml/ensemble_predictor.py,398,from,datetime,datetime
options-bot/ml/ensemble_predictor.py,398,from,datetime,timedelta
options-bot/ml/ensemble_predictor.py,398,from,datetime,timezone
options-bot/ml/ensemble_predictor.py,399,from,config,DB_PATH
options-bot/ml/ensemble_predictor.py,399,from,config,MODELS_DIR
options-bot/ml/ensemble_predictor.py,442,from,data.alpaca_provider,AlpacaStockProvider
options-bot/ml/ensemble_predictor.py,465,from,ml.feature_engineering.base_features,compute_base_features
options-bot/ml/ensemble_predictor.py,466,from,ml.feature_engineering.swing_features,compute_swing_features
options-bot/ml/ensemble_predictor.py,467,from,ml.feature_engineering.general_features,compute_general_features
options-bot/ml/ensemble_predictor.py,468,from,config,PRESET_DEFAULTS
options-bot/ml/ensemble_predictor.py,473,from,data.options_data_fetcher,fetch_options_for_training
options-bot/ml/ensemble_predictor.py,496,from,data.vix_provider,fetch_vix_daily_bars
options-bot/ml/ensemble_predictor.py,520,from,ml.trainer,_calculate_target
options-bot/ml/ensemble_predictor.py,520,from,ml.trainer,_prediction_horizon_to_bars
options-bot/ml/ensemble_predictor.py,521,from,config,PRESET_DEFAULTS
options-bot/ml/ensemble_predictor.py,558,from,ml.tft_trainer,TARGET_COL
options-bot/ml/ensemble_predictor.py,558,from,ml.tft_trainer,_build_sequence_df
options-bot/ml/ensemble_predictor.py,558,from,ml.tft_trainer,predict_dataset
options-bot/ml/ensemble_predictor.py,654,from,sklearn.metrics,mean_absolute_error
options-bot/ml/ensemble_predictor.py,730,import,aiosqlite,
options-bot/ml/ensemble_predictor.py,756,import,asyncio,
options-bot/ml/ensemble_predictor.py,757,import,concurrent.futures,
options-bot/ml/ev_filter.py,17,import,logging,
options-bot/ml/ev_filter.py,18,import,math,
options-bot/ml/ev_filter.py,19,import,datetime,
options-bot/ml/ev_filter.py,20,from,typing,Optional
options-bot/ml/ev_filter.py,21,from,dataclasses,dataclass
options-bot/ml/ev_filter.py,65,from,lumibot.entities,Asset
options-bot/ml/ev_filter.py,178,from,config,RISK_FREE_RATE
options-bot/ml/ev_filter.py,234,from,lumibot.entities,Asset
options-bot/ml/feature_engineering/base_features.py,17,import,logging,
options-bot/ml/feature_engineering/base_features.py,18,import,numpy,
options-bot/ml/feature_engineering/base_features.py,19,import,pandas,
options-bot/ml/feature_engineering/base_features.py,20,import,ta,
options-bot/ml/feature_engineering/base_features.py,21,from,config,RISK_FREE_RATE
options-bot/ml/feature_engineering/base_features.py,22,from,data.greeks_calculator,compute_greeks_vectorized
options-bot/ml/feature_engineering/general_features.py,8,import,logging,
options-bot/ml/feature_engineering/general_features.py,9,import,numpy,
options-bot/ml/feature_engineering/general_features.py,10,import,pandas,
options-bot/ml/feature_engineering/scalp_features.py,11,import,logging,
options-bot/ml/feature_engineering/scalp_features.py,12,import,numpy,
options-bot/ml/feature_engineering/scalp_features.py,13,import,pandas,
options-bot/ml/feature_engineering/swing_features.py,8,import,logging,
options-bot/ml/feature_engineering/swing_features.py,9,import,numpy,
options-bot/ml/feature_engineering/swing_features.py,10,import,pandas,
options-bot/ml/feature_engineering/swing_features.py,51,import,ta,
options-bot/ml/feedback_queue.py,11,import,json,
options-bot/ml/feedback_queue.py,12,import,logging,
options-bot/ml/feedback_queue.py,13,import,sqlite3,
options-bot/ml/feedback_queue.py,14,from,datetime,datetime
options-bot/ml/feedback_queue.py,14,from,datetime,timezone
options-bot/ml/feedback_queue.py,15,from,typing,Optional
options-bot/ml/incremental_trainer.py,26,import,json,
options-bot/ml/incremental_trainer.py,27,import,uuid,
options-bot/ml/incremental_trainer.py,28,import,logging,
options-bot/ml/incremental_trainer.py,29,import,time,
options-bot/ml/incremental_trainer.py,30,from,datetime,datetime
options-bot/ml/incremental_trainer.py,30,from,datetime,timedelta
options-bot/ml/incremental_trainer.py,30,from,datetime,timezone
options-bot/ml/incremental_trainer.py,31,from,pathlib,Path
options-bot/ml/incremental_trainer.py,32,from,typing,Optional
options-bot/ml/incremental_trainer.py,34,import,numpy,
options-bot/ml/incremental_trainer.py,35,import,pandas,
options-bot/ml/incremental_trainer.py,36,from,sklearn.metrics,mean_absolute_error
options-bot/ml/incremental_trainer.py,36,from,sklearn.metrics,mean_squared_error
options-bot/ml/incremental_trainer.py,36,from,sklearn.metrics,r2_score
options-bot/ml/incremental_trainer.py,37,from,xgboost,XGBRegressor
options-bot/ml/incremental_trainer.py,38,import,joblib,
options-bot/ml/incremental_trainer.py,39,import,aiosqlite,
options-bot/ml/incremental_trainer.py,40,import,asyncio,
options-bot/ml/incremental_trainer.py,42,import,sys,
options-bot/ml/incremental_trainer.py,46,from,config,DB_PATH
options-bot/ml/incremental_trainer.py,46,from,config,MODELS_DIR
options-bot/ml/incremental_trainer.py,46,from,config,PRESET_DEFAULTS
options-bot/ml/incremental_trainer.py,47,from,ml.xgboost_predictor,XGBoostPredictor
options-bot/ml/incremental_trainer.py,48,from,ml.trainer,_calculate_target
options-bot/ml/incremental_trainer.py,48,from,ml.trainer,_compute_all_features
options-bot/ml/incremental_trainer.py,48,from,ml.trainer,_get_feature_names
options-bot/ml/incremental_trainer.py,48,from,ml.trainer,_prediction_horizon_to_bars
options-bot/ml/incremental_trainer.py,77,import,concurrent.futures,
options-bot/ml/incremental_trainer.py,215,import,sqlite3,
options-bot/ml/incremental_trainer.py,359,from,data.alpaca_provider,AlpacaStockProvider
options-bot/ml/lgbm_predictor.py,9,import,logging,
options-bot/ml/lgbm_predictor.py,10,from,typing,Optional
options-bot/ml/lgbm_predictor.py,11,from,pathlib,Path
options-bot/ml/lgbm_predictor.py,13,import,numpy,
options-bot/ml/lgbm_predictor.py,14,import,pandas,
options-bot/ml/lgbm_predictor.py,15,import,joblib,
options-bot/ml/lgbm_predictor.py,17,from,ml.predictor,ModelPredictor
options-bot/ml/lgbm_trainer.py,9,import,json,
options-bot/ml/lgbm_trainer.py,10,import,uuid,
options-bot/ml/lgbm_trainer.py,11,import,logging,
options-bot/ml/lgbm_trainer.py,12,import,time,
options-bot/ml/lgbm_trainer.py,13,from,datetime,datetime
options-bot/ml/lgbm_trainer.py,13,from,datetime,timedelta
options-bot/ml/lgbm_trainer.py,13,from,datetime,timezone
options-bot/ml/lgbm_trainer.py,14,from,pathlib,Path
options-bot/ml/lgbm_trainer.py,16,import,numpy,
options-bot/ml/lgbm_trainer.py,17,import,pandas,
options-bot/ml/lgbm_trainer.py,18,from,sklearn.metrics,mean_absolute_error
options-bot/ml/lgbm_trainer.py,18,from,sklearn.metrics,mean_squared_error
options-bot/ml/lgbm_trainer.py,18,from,sklearn.metrics,r2_score
options-bot/ml/lgbm_trainer.py,20,import,sys,
options-bot/ml/lgbm_trainer.py,23,from,config,DB_PATH
options-bot/ml/lgbm_trainer.py,23,from,config,MODELS_DIR
options-bot/ml/lgbm_trainer.py,23,from,config,PRESET_DEFAULTS
options-bot/ml/lgbm_trainer.py,24,from,ml.lgbm_predictor,LightGBMPredictor
options-bot/ml/lgbm_trainer.py,25,from,ml.trainer,CV_FOLDS
options-bot/ml/lgbm_trainer.py,25,from,ml.trainer,MIN_TRAINING_SAMPLES
options-bot/ml/lgbm_trainer.py,25,from,ml.trainer,_calculate_target
options-bot/ml/lgbm_trainer.py,25,from,ml.trainer,_compute_all_features
options-bot/ml/lgbm_trainer.py,25,from,ml.trainer,_get_feature_names
options-bot/ml/lgbm_trainer.py,25,from,ml.trainer,_prediction_horizon_to_bars
options-bot/ml/lgbm_trainer.py,40,import,lightgbm,
options-bot/ml/lgbm_trainer.py,138,import,lightgbm,
options-bot/ml/lgbm_trainer.py,168,from,data.alpaca_provider,AlpacaStockProvider
options-bot/ml/lgbm_trainer.py,298,import,aiosqlite,
options-bot/ml/lgbm_trainer.py,299,import,asyncio,
options-bot/ml/lgbm_trainer.py,300,import,concurrent.futures,
options-bot/ml/lgbm_trainer.py,371,import,sqlite3,
options-bot/ml/liquidity_filter.py,12,import,logging,
options-bot/ml/liquidity_filter.py,13,from,dataclasses,dataclass
options-bot/ml/liquidity_filter.py,14,from,typing,Optional
options-bot/ml/liquidity_filter.py,149,from,alpaca.data.requests,OptionBarsRequest
options-bot/ml/liquidity_filter.py,149,from,alpaca.data.requests,OptionSnapshotRequest
options-bot/ml/liquidity_filter.py,150,from,alpaca.data.historical.option,OptionHistoricalDataClient
options-bot/ml/liquidity_filter.py,151,from,alpaca.data.timeframe,TimeFrame
options-bot/ml/liquidity_filter.py,152,from,datetime,datetime
options-bot/ml/liquidity_filter.py,152,from,datetime,timedelta
options-bot/ml/liquidity_filter.py,152,from,datetime,timezone
options-bot/ml/predictor.py,8,from,abc,ABC
options-bot/ml/predictor.py,8,from,abc,abstractmethod
options-bot/ml/predictor.py,9,import,pandas,
options-bot/ml/regime_adjuster.py,13,import,logging,
options-bot/ml/regime_adjuster.py,14,import,sys,
options-bot/ml/regime_adjuster.py,15,from,pathlib,Path
options-bot/ml/regime_adjuster.py,18,from,config,VIX_REGIME_HIGH_MULTIPLIER
options-bot/ml/regime_adjuster.py,18,from,config,VIX_REGIME_HIGH_THRESHOLD
options-bot/ml/regime_adjuster.py,18,from,config,VIX_REGIME_LOW_MULTIPLIER
options-bot/ml/regime_adjuster.py,18,from,config,VIX_REGIME_LOW_THRESHOLD
options-bot/ml/regime_adjuster.py,18,from,config,VIX_REGIME_NORMAL_MULTIPLIER
options-bot/ml/scalp_predictor.py,16,import,logging,
options-bot/ml/scalp_predictor.py,17,from,pathlib,Path
options-bot/ml/scalp_predictor.py,18,from,typing,Optional
options-bot/ml/scalp_predictor.py,20,import,numpy,
options-bot/ml/scalp_predictor.py,21,import,pandas,
options-bot/ml/scalp_predictor.py,22,import,joblib,
options-bot/ml/scalp_predictor.py,24,from,ml.predictor,ModelPredictor
options-bot/ml/scalp_trainer.py,23,import,json,
options-bot/ml/scalp_trainer.py,24,import,uuid,
options-bot/ml/scalp_trainer.py,25,import,logging,
options-bot/ml/scalp_trainer.py,26,import,time,
options-bot/ml/scalp_trainer.py,27,from,datetime,datetime
options-bot/ml/scalp_trainer.py,27,from,datetime,timedelta
options-bot/ml/scalp_trainer.py,27,from,datetime,timezone
options-bot/ml/scalp_trainer.py,28,from,pathlib,Path
options-bot/ml/scalp_trainer.py,30,import,numpy,
options-bot/ml/scalp_trainer.py,31,import,pandas,
options-bot/ml/scalp_trainer.py,32,from,sklearn.metrics,accuracy_score
options-bot/ml/scalp_trainer.py,32,from,sklearn.metrics,balanced_accuracy_score
options-bot/ml/scalp_trainer.py,32,from,sklearn.metrics,classification_report
options-bot/ml/scalp_trainer.py,33,from,sklearn.utils.class_weight,compute_sample_weight
options-bot/ml/scalp_trainer.py,34,from,xgboost,XGBClassifier
options-bot/ml/scalp_trainer.py,36,import,sys,
options-bot/ml/scalp_trainer.py,40,from,config,DB_PATH
options-bot/ml/scalp_trainer.py,40,from,config,MODELS_DIR
options-bot/ml/scalp_trainer.py,40,from,config,OPTUNA_N_TRIALS
options-bot/ml/scalp_trainer.py,40,from,config,OPTUNA_TIMEOUT_SECONDS
options-bot/ml/scalp_trainer.py,40,from,config,PRESET_DEFAULTS
options-bot/ml/scalp_trainer.py,41,from,ml.scalp_predictor,ScalpPredictor
options-bot/ml/scalp_trainer.py,42,from,ml.feature_engineering.base_features,compute_base_features
options-bot/ml/scalp_trainer.py,42,from,ml.feature_engineering.base_features,get_base_feature_names
options-bot/ml/scalp_trainer.py,43,from,ml.feature_engineering.scalp_features,compute_scalp_features
options-bot/ml/scalp_trainer.py,43,from,ml.feature_engineering.scalp_features,get_scalp_feature_names
options-bot/ml/scalp_trainer.py,69,from,data.options_data_fetcher,fetch_options_for_training
options-bot/ml/scalp_trainer.py,92,from,data.vix_provider,fetch_vix_daily_bars
options-bot/ml/scalp_trainer.py,176,import,optuna,
options-bot/ml/scalp_trainer.py,411,from,data.alpaca_provider,AlpacaStockProvider
options-bot/ml/scalp_trainer.py,642,from,sklearn.isotonic,IsotonicRegression
options-bot/ml/scalp_trainer.py,739,import,aiosqlite,
options-bot/ml/scalp_trainer.py,740,import,asyncio,
options-bot/ml/scalp_trainer.py,741,import,concurrent.futures,
options-bot/ml/scalp_trainer.py,833,import,sqlite3,
options-bot/ml/swing_classifier_predictor.py,15,import,logging,
options-bot/ml/swing_classifier_predictor.py,16,from,pathlib,Path
options-bot/ml/swing_classifier_predictor.py,18,import,numpy,
options-bot/ml/swing_classifier_predictor.py,19,import,pandas,
options-bot/ml/swing_classifier_predictor.py,20,import,joblib,
options-bot/ml/swing_classifier_predictor.py,22,from,ml.predictor,ModelPredictor
options-bot/ml/swing_classifier_trainer.py,22,import,json,
options-bot/ml/swing_classifier_trainer.py,23,import,uuid,
options-bot/ml/swing_classifier_trainer.py,24,import,logging,
options-bot/ml/swing_classifier_trainer.py,25,import,time,
options-bot/ml/swing_classifier_trainer.py,26,from,datetime,datetime
options-bot/ml/swing_classifier_trainer.py,26,from,datetime,timedelta
options-bot/ml/swing_classifier_trainer.py,26,from,datetime,timezone
options-bot/ml/swing_classifier_trainer.py,27,from,pathlib,Path
options-bot/ml/swing_classifier_trainer.py,29,import,numpy,
options-bot/ml/swing_classifier_trainer.py,30,import,pandas,
options-bot/ml/swing_classifier_trainer.py,31,from,sklearn.metrics,accuracy_score
options-bot/ml/swing_classifier_trainer.py,31,from,sklearn.metrics,balanced_accuracy_score
options-bot/ml/swing_classifier_trainer.py,32,from,sklearn.utils.class_weight,compute_sample_weight
options-bot/ml/swing_classifier_trainer.py,33,from,xgboost,XGBClassifier
options-bot/ml/swing_classifier_trainer.py,35,import,sys,
options-bot/ml/swing_classifier_trainer.py,38,from,config,DB_PATH
options-bot/ml/swing_classifier_trainer.py,38,from,config,MODELS_DIR
options-bot/ml/swing_classifier_trainer.py,38,from,config,OPTUNA_N_TRIALS
options-bot/ml/swing_classifier_trainer.py,38,from,config,OPTUNA_TIMEOUT_SECONDS
options-bot/ml/swing_classifier_trainer.py,38,from,config,PRESET_DEFAULTS
options-bot/ml/swing_classifier_trainer.py,39,from,ml.swing_classifier_predictor,SwingClassifierPredictor
options-bot/ml/swing_classifier_trainer.py,40,from,ml.feature_engineering.base_features,compute_base_features
options-bot/ml/swing_classifier_trainer.py,40,from,ml.feature_engineering.base_features,get_base_feature_names
options-bot/ml/swing_classifier_trainer.py,41,from,ml.feature_engineering.swing_features,compute_swing_features
options-bot/ml/swing_classifier_trainer.py,41,from,ml.feature_engineering.swing_features,get_swing_feature_names
options-bot/ml/swing_classifier_trainer.py,67,from,data.options_data_fetcher,fetch_options_for_training
options-bot/ml/swing_classifier_trainer.py,90,from,data.vix_provider,fetch_vix_daily_bars
options-bot/ml/swing_classifier_trainer.py,166,import,optuna,
options-bot/ml/swing_classifier_trainer.py,245,import,optuna,
options-bot/ml/swing_classifier_trainer.py,246,from,lightgbm,LGBMClassifier
options-bot/ml/swing_classifier_trainer.py,345,from,lightgbm,LGBMClassifier
options-bot/ml/swing_classifier_trainer.py,464,from,data.alpaca_provider,AlpacaStockProvider
options-bot/ml/swing_classifier_trainer.py,586,import,aiosqlite,
options-bot/ml/swing_classifier_trainer.py,587,import,asyncio,
options-bot/ml/swing_classifier_trainer.py,588,import,concurrent.futures,
options-bot/ml/swing_classifier_trainer.py,640,import,sqlite3,
options-bot/ml/swing_classifier_trainer.py,788,from,lightgbm,LGBMClassifier
options-bot/ml/tft_predictor.py,16,import,json,
options-bot/ml/tft_predictor.py,17,import,logging,
options-bot/ml/tft_predictor.py,18,import,warnings,
options-bot/ml/tft_predictor.py,19,from,pathlib,Path
options-bot/ml/tft_predictor.py,20,from,typing,Optional
options-bot/ml/tft_predictor.py,22,import,joblib,
options-bot/ml/tft_predictor.py,23,import,numpy,
options-bot/ml/tft_predictor.py,24,import,pandas,
options-bot/ml/tft_predictor.py,25,import,torch,
options-bot/ml/tft_predictor.py,27,from,ml.predictor,ModelPredictor
options-bot/ml/tft_predictor.py,70,from,pytorch_forecasting,TemporalFusionTransformer
options-bot/ml/tft_predictor.py,144,import,shutil,
options-bot/ml/tft_predictor.py,374,from,pytorch_forecasting,TimeSeriesDataSet
options-bot/ml/tft_predictor.py,442,from,pytorch_forecasting,TimeSeriesDataSet
options-bot/ml/tft_trainer.py,27,import,asyncio,
options-bot/ml/tft_trainer.py,28,import,json,
options-bot/ml/tft_trainer.py,29,import,logging,
options-bot/ml/tft_trainer.py,30,import,time,
options-bot/ml/tft_trainer.py,31,import,uuid,
options-bot/ml/tft_trainer.py,32,import,warnings,
options-bot/ml/tft_trainer.py,33,from,datetime,datetime
options-bot/ml/tft_trainer.py,33,from,datetime,timedelta
options-bot/ml/tft_trainer.py,33,from,datetime,timezone
options-bot/ml/tft_trainer.py,34,from,pathlib,Path
options-bot/ml/tft_trainer.py,35,from,typing,Optional
options-bot/ml/tft_trainer.py,37,import,numpy,
options-bot/ml/tft_trainer.py,38,import,pandas,
options-bot/ml/tft_trainer.py,39,import,torch,
options-bot/ml/tft_trainer.py,41,import,sys,
options-bot/ml/tft_trainer.py,44,from,config,DB_PATH
options-bot/ml/tft_trainer.py,44,from,config,MODELS_DIR
options-bot/ml/tft_trainer.py,45,from,ml.tft_predictor,ENCODER_LENGTH
options-bot/ml/tft_trainer.py,45,from,ml.tft_predictor,GROUP_ID
options-bot/ml/tft_trainer.py,45,from,ml.tft_predictor,PREDICTION_LENGTH
options-bot/ml/tft_trainer.py,45,from,ml.tft_predictor,TFTPredictor
options-bot/ml/tft_trainer.py,80,from,torch.utils.data,DataLoader
options-bot/ml/tft_trainer.py,80,from,torch.utils.data,Subset
options-bot/ml/tft_trainer.py,126,from,ml.feature_engineering.base_features,get_base_feature_names
options-bot/ml/tft_trainer.py,127,from,ml.feature_engineering.swing_features,get_swing_feature_names
options-bot/ml/tft_trainer.py,128,from,ml.feature_engineering.general_features,get_general_feature_names
options-bot/ml/tft_trainer.py,136,from,ml.feature_engineering.scalp_features,get_scalp_feature_names
options-bot/ml/tft_trainer.py,143,from,ml.feature_engineering.base_features,compute_base_features
options-bot/ml/tft_trainer.py,144,from,ml.feature_engineering.swing_features,compute_swing_features
options-bot/ml/tft_trainer.py,145,from,ml.feature_engineering.general_features,compute_general_features
options-bot/ml/tft_trainer.py,146,from,config,PRESET_DEFAULTS
options-bot/ml/tft_trainer.py,153,from,data.options_data_fetcher,fetch_options_for_training
options-bot/ml/tft_trainer.py,176,from,data.vix_provider,fetch_vix_daily_bars
options-bot/ml/tft_trainer.py,190,from,ml.feature_engineering.scalp_features,compute_scalp_features
options-bot/ml/tft_trainer.py,358,from,pytorch_forecasting,TemporalFusionTransformer
options-bot/ml/tft_trainer.py,358,from,pytorch_forecasting,TimeSeriesDataSet
options-bot/ml/tft_trainer.py,359,from,pytorch_forecasting.metrics,MAE
options-bot/ml/tft_trainer.py,360,import,lightning.pytorch,
options-bot/ml/tft_trainer.py,361,from,lightning.pytorch.callbacks,EarlyStopping
options-bot/ml/tft_trainer.py,490,from,sklearn.metrics,mean_absolute_error
options-bot/ml/tft_trainer.py,490,from,sklearn.metrics,mean_squared_error
options-bot/ml/tft_trainer.py,490,from,sklearn.metrics,r2_score
options-bot/ml/tft_trainer.py,528,from,sklearn.metrics,mean_absolute_error
options-bot/ml/tft_trainer.py,528,from,sklearn.metrics,mean_squared_error
options-bot/ml/tft_trainer.py,528,from,sklearn.metrics,r2_score
options-bot/ml/tft_trainer.py,555,from,pytorch_forecasting,TimeSeriesDataSet
options-bot/ml/tft_trainer.py,677,import,aiosqlite,
options-bot/ml/tft_trainer.py,678,import,concurrent.futures,
options-bot/ml/tft_trainer.py,748,import,aiosqlite,
options-bot/ml/tft_trainer.py,768,from,config,PRESET_DEFAULTS
options-bot/ml/tft_trainer.py,782,from,data.alpaca_provider,AlpacaStockProvider
options-bot/ml/tft_trainer.py,883,from,pytorch_forecasting,TemporalFusionTransformer
options-bot/ml/tft_trainer.py,883,from,pytorch_forecasting,TimeSeriesDataSet
options-bot/ml/tft_trainer.py,884,from,pytorch_forecasting.metrics,MAE
options-bot/ml/tft_trainer.py,885,import,lightning.pytorch,
options-bot/ml/tft_trainer.py,886,from,lightning.pytorch.callbacks,EarlyStopping
options-bot/ml/tft_trainer.py,886,from,lightning.pytorch.callbacks,ModelCheckpoint
options-bot/ml/trainer.py,15,import,json,
options-bot/ml/trainer.py,16,import,uuid,
options-bot/ml/trainer.py,17,import,logging,
options-bot/ml/trainer.py,18,import,time,
options-bot/ml/trainer.py,19,from,datetime,datetime
options-bot/ml/trainer.py,19,from,datetime,timedelta
options-bot/ml/trainer.py,19,from,datetime,timezone
options-bot/ml/trainer.py,20,from,pathlib,Path
options-bot/ml/trainer.py,21,from,typing,Optional
options-bot/ml/trainer.py,23,import,numpy,
options-bot/ml/trainer.py,24,import,pandas,
options-bot/ml/trainer.py,25,from,sklearn.metrics,mean_absolute_error
options-bot/ml/trainer.py,25,from,sklearn.metrics,mean_squared_error
options-bot/ml/trainer.py,25,from,sklearn.metrics,r2_score
options-bot/ml/trainer.py,26,from,xgboost,XGBRegressor
options-bot/ml/trainer.py,28,import,sys,
options-bot/ml/trainer.py,32,from,config,DB_PATH
options-bot/ml/trainer.py,32,from,config,MODELS_DIR
options-bot/ml/trainer.py,32,from,config,OPTUNA_N_TRIALS
options-bot/ml/trainer.py,32,from,config,OPTUNA_TIMEOUT_SECONDS
options-bot/ml/trainer.py,32,from,config,PRESET_DEFAULTS
options-bot/ml/trainer.py,33,from,ml.xgboost_predictor,XGBoostPredictor
options-bot/ml/trainer.py,34,from,ml.feature_engineering.base_features,compute_base_features
options-bot/ml/trainer.py,34,from,ml.feature_engineering.base_features,get_base_feature_names
options-bot/ml/trainer.py,35,from,ml.feature_engineering.swing_features,compute_swing_features
options-bot/ml/trainer.py,35,from,ml.feature_engineering.swing_features,get_swing_feature_names
options-bot/ml/trainer.py,36,from,ml.feature_engineering.general_features,compute_general_features
options-bot/ml/trainer.py,36,from,ml.feature_engineering.general_features,get_general_feature_names
options-bot/ml/trainer.py,37,from,ml.feature_engineering.scalp_features,compute_scalp_features
options-bot/ml/trainer.py,37,from,ml.feature_engineering.scalp_features,get_scalp_feature_names
options-bot/ml/trainer.py,101,from,data.options_data_fetcher,fetch_options_for_training
options-bot/ml/trainer.py,124,from,data.vix_provider,fetch_vix_daily_bars
options-bot/ml/trainer.py,199,import,optuna,
options-bot/ml/trainer.py,200,from,sklearn.metrics,mean_absolute_error
options-bot/ml/trainer.py,423,from,data.alpaca_provider,AlpacaStockProvider
options-bot/ml/trainer.py,629,import,aiosqlite,
options-bot/ml/trainer.py,630,import,asyncio,
options-bot/ml/trainer.py,631,import,concurrent.futures,
options-bot/ml/trainer.py,709,import,sqlite3,
options-bot/ml/xgboost_predictor.py,6,import,logging,
options-bot/ml/xgboost_predictor.py,7,from,pathlib,Path
options-bot/ml/xgboost_predictor.py,9,import,numpy,
options-bot/ml/xgboost_predictor.py,10,import,pandas,
options-bot/ml/xgboost_predictor.py,11,import,joblib,
options-bot/ml/xgboost_predictor.py,13,from,ml.predictor,ModelPredictor
options-bot/risk/risk_manager.py,10,import,asyncio,
options-bot/risk/risk_manager.py,11,import,json,
options-bot/risk/risk_manager.py,12,import,logging,
options-bot/risk/risk_manager.py,13,import,threading,
options-bot/risk/risk_manager.py,14,from,datetime,datetime
options-bot/risk/risk_manager.py,14,from,datetime,timedelta
options-bot/risk/risk_manager.py,14,from,datetime,timezone
options-bot/risk/risk_manager.py,15,from,pathlib,Path
options-bot/risk/risk_manager.py,16,from,typing,Optional
options-bot/risk/risk_manager.py,18,import,aiosqlite,
options-bot/risk/risk_manager.py,20,import,sys,
options-bot/risk/risk_manager.py,23,from,config,DB_PATH
options-bot/risk/risk_manager.py,23,from,config,EMERGENCY_STOP_LOSS_PCT
options-bot/risk/risk_manager.py,23,from,config,MAX_TOTAL_EXPOSURE_PCT
options-bot/risk/risk_manager.py,23,from,config,MAX_TOTAL_POSITIONS
options-bot/risk/risk_manager.py,346,from,utils.alerter,send_alert
options-bot/scripts/audit_verify.py,11,import,sys,
options-bot/scripts/audit_verify.py,12,from,pathlib,Path
options-bot/scripts/audit_verify.py,222,from,ml.feature_engineering.base_features,get_base_feature_names
options-bot/scripts/audit_verify.py,247,import,importlib.util,
options-bot/scripts/backtest.py,19,import,argparse,
options-bot/scripts/backtest.py,20,import,logging,
options-bot/scripts/backtest.py,21,import,sys,
options-bot/scripts/backtest.py,22,import,os,
options-bot/scripts/backtest.py,23,from,datetime,datetime
options-bot/scripts/backtest.py,24,from,pathlib,Path
options-bot/scripts/backtest.py,31,from,config,LOG_FORMAT
options-bot/scripts/backtest.py,31,from,config,LOG_LEVEL
options-bot/scripts/backtest.py,31,from,config,PRESET_DEFAULTS
options-bot/scripts/backtest.py,31,from,config,THETA_PASSWORD
options-bot/scripts/backtest.py,31,from,config,THETA_USERNAME
options-bot/scripts/backtest.py,82,from,lumibot.backtesting,ThetaDataBacktesting
options-bot/scripts/backtest.py,86,from,strategies.scalp_strategy,ScalpStrategy
options-bot/scripts/backtest.py,88,from,strategies.general_strategy,GeneralStrategy
options-bot/scripts/backtest.py,90,from,strategies.swing_strategy,SwingStrategy
options-bot/scripts/diagnose_strategy.py,2,import,logging,
options-bot/scripts/diagnose_strategy.py,2,import,math,
options-bot/scripts/diagnose_strategy.py,2,import,sys,
options-bot/scripts/diagnose_strategy.py,3,from,pathlib,Path
options-bot/scripts/diagnose_strategy.py,12,from,ml.xgboost_predictor,XGBoostPredictor
options-bot/scripts/diagnose_strategy.py,13,from,config,PRESET_DEFAULTS
options-bot/scripts/diagnose_strategy.py,25,from,data.alpaca_provider,AlpacaStockProvider
options-bot/scripts/diagnose_strategy.py,26,from,datetime,datetime
options-bot/scripts/diagnose_strategy.py,37,from,ml.feature_engineering.base_features,compute_base_features
options-bot/scripts/diagnose_strategy.py,38,from,ml.feature_engineering.swing_features,compute_swing_features
options-bot/scripts/startup_check.py,23,import,importlib,
options-bot/scripts/startup_check.py,24,import,os,
options-bot/scripts/startup_check.py,25,import,shutil,
options-bot/scripts/startup_check.py,26,import,sys,
options-bot/scripts/startup_check.py,27,from,pathlib,Path
options-bot/scripts/startup_check.py,110,from,config,ALPACA_API_KEY
options-bot/scripts/startup_check.py,110,from,config,ALPACA_API_SECRET
options-bot/scripts/startup_check.py,110,from,config,THETA_PASSWORD
options-bot/scripts/startup_check.py,110,from,config,THETA_USERNAME
options-bot/scripts/startup_check.py,144,from,config,DB_PATH
options-bot/scripts/startup_check.py,144,from,config,LOGS_DIR
options-bot/scripts/startup_check.py,144,from,config,MODELS_DIR
options-bot/scripts/startup_check.py,175,from,config,ALPACA_API_KEY
options-bot/scripts/startup_check.py,175,from,config,ALPACA_API_SECRET
options-bot/scripts/startup_check.py,175,from,config,ALPACA_PAPER
options-bot/scripts/startup_check.py,178,from,alpaca.trading.client,TradingClient
options-bot/scripts/startup_check.py,179,import,time,
options-bot/scripts/startup_check.py,224,import,requests,
options-bot/scripts/startup_check.py,225,from,config,THETA_BASE_URL_V3
options-bot/scripts/startup_check.py,265,import,sqlite3,
options-bot/scripts/train_model.py,22,import,argparse,
options-bot/scripts/train_model.py,23,import,json,
options-bot/scripts/train_model.py,24,import,logging,
options-bot/scripts/train_model.py,25,import,sys,
options-bot/scripts/train_model.py,26,import,uuid,
options-bot/scripts/train_model.py,27,from,pathlib,Path
options-bot/scripts/train_model.py,31,from,config,DB_PATH
options-bot/scripts/train_model.py,31,from,config,LOG_FORMAT
options-bot/scripts/train_model.py,31,from,config,PRESET_DEFAULTS
options-bot/scripts/train_model.py,39,import,aiosqlite,
options-bot/scripts/train_model.py,40,import,asyncio,
options-bot/scripts/train_model.py,70,from,ml.trainer,train_model
options-bot/scripts/validate_data.py,21,import,sys,
options-bot/scripts/validate_data.py,22,import,os,
options-bot/scripts/validate_data.py,23,import,time,
options-bot/scripts/validate_data.py,24,import,logging,
options-bot/scripts/validate_data.py,25,from,datetime,date
options-bot/scripts/validate_data.py,25,from,datetime,datetime
options-bot/scripts/validate_data.py,25,from,datetime,timedelta
options-bot/scripts/validate_data.py,26,from,pathlib,Path
options-bot/scripts/validate_data.py,31,from,config,ALPACA_API_KEY
options-bot/scripts/validate_data.py,31,from,config,ALPACA_API_SECRET
options-bot/scripts/validate_data.py,31,from,config,ALPACA_PAPER
options-bot/scripts/validate_data.py,31,from,config,PHASE1_SYMBOLS
options-bot/scripts/validate_data.py,31,from,config,THETA_BASE_URL_V2
options-bot/scripts/validate_data.py,31,from,config,THETA_BASE_URL_V3
options-bot/scripts/validate_data.py,31,from,config,THETA_HOST
options-bot/scripts/validate_data.py,31,from,config,THETA_PORT
options-bot/scripts/validate_data.py,69,from,alpaca.trading.client,TradingClient
options-bot/scripts/validate_data.py,70,from,alpaca.data.historical,StockHistoricalDataClient
options-bot/scripts/validate_data.py,118,from,alpaca.data.historical,StockHistoricalDataClient
options-bot/scripts/validate_data.py,119,from,alpaca.data.requests,StockBarsRequest
options-bot/scripts/validate_data.py,120,from,alpaca.data.timeframe,TimeFrame
options-bot/scripts/validate_data.py,208,from,alpaca.data.historical,OptionHistoricalDataClient
options-bot/scripts/validate_data.py,209,from,alpaca.trading.client,TradingClient
options-bot/scripts/validate_data.py,210,from,alpaca.trading.requests,GetOptionContractsRequest
options-bot/scripts/validate_data.py,258,import,requests,
options-bot/scripts/validate_data.py,347,import,requests,
options-bot/scripts/validate_data.py,348,import,csv,
options-bot/scripts/validate_data.py,349,import,io,
options-bot/scripts/validate_data.py,499,import,requests,
options-bot/scripts/validate_data.py,500,import,csv,
options-bot/scripts/validate_data.py,501,import,io,
options-bot/scripts/validate_model.py,16,import,sys,
options-bot/scripts/validate_model.py,17,import,json,
options-bot/scripts/validate_model.py,18,from,pathlib,Path
options-bot/scripts/validate_model.py,23,import,joblib,
options-bot/scripts/validate_model.py,24,import,numpy,
options-bot/scripts/validate_model.py,26,from,ml.feature_engineering.base_features,get_base_feature_names
options-bot/scripts/validate_model.py,27,from,ml.feature_engineering.swing_features,get_swing_feature_names
options-bot/scripts/validate_model.py,28,from,ml.feature_engineering.general_features,get_general_feature_names
options-bot/scripts/validate_model.py,29,from,ml.feature_engineering.scalp_features,get_scalp_feature_names
options-bot/scripts/validate_model.py,182,import,asyncio,
options-bot/scripts/validate_model.py,183,import,aiosqlite,
options-bot/scripts/validate_model.py,184,from,config,DB_PATH
options-bot/scripts/walk_forward_backtest.py,23,import,argparse,
options-bot/scripts/walk_forward_backtest.py,24,import,logging,
options-bot/scripts/walk_forward_backtest.py,25,import,math,
options-bot/scripts/walk_forward_backtest.py,26,import,sys,
options-bot/scripts/walk_forward_backtest.py,27,import,os,
options-bot/scripts/walk_forward_backtest.py,28,from,datetime,datetime
options-bot/scripts/walk_forward_backtest.py,28,from,datetime,timedelta
options-bot/scripts/walk_forward_backtest.py,29,from,pathlib,Path
options-bot/scripts/walk_forward_backtest.py,36,from,config,LOG_FORMAT
options-bot/scripts/walk_forward_backtest.py,36,from,config,PRESET_DEFAULTS
options-bot/scripts/walk_forward_backtest.py,188,from,ml.trainer,train_model
options-bot/scripts/walk_forward_backtest.py,216,from,scripts.backtest,run_backtest
options-bot/scripts/walk_forward_backtest.py,273,import,csv,
options-bot/strategies/base_strategy.py,23,import,json,
options-bot/strategies/base_strategy.py,24,import,re,
options-bot/strategies/base_strategy.py,25,import,sqlite3,
options-bot/strategies/base_strategy.py,26,import,time,
options-bot/strategies/base_strategy.py,27,import,uuid,
options-bot/strategies/base_strategy.py,28,import,logging,
options-bot/strategies/base_strategy.py,29,import,datetime,
options-bot/strategies/base_strategy.py,30,from,typing,Optional
options-bot/strategies/base_strategy.py,32,import,numpy,
options-bot/strategies/base_strategy.py,34,from,lumibot.strategies,Strategy
options-bot/strategies/base_strategy.py,35,from,lumibot.entities,Asset
options-bot/strategies/base_strategy.py,37,import,sys,
options-bot/strategies/base_strategy.py,38,from,pathlib,Path
options-bot/strategies/base_strategy.py,41,from,config,DB_PATH
options-bot/strategies/base_strategy.py,41,from,config,DTE_EXIT_FLOOR
options-bot/strategies/base_strategy.py,42,from,config,ITERATION_ERROR_RESET_ON_SUCCESS
options-bot/strategies/base_strategy.py,42,from,config,MAX_CONSECUTIVE_ERRORS
options-bot/strategies/base_strategy.py,42,from,config,THETA_CB_FAILURE_THRESHOLD
options-bot/strategies/base_strategy.py,42,from,config,THETA_CB_RESET_TIMEOUT
options-bot/strategies/base_strategy.py,46,from,config,MODEL_DEGRADED_THRESHOLD
options-bot/strategies/base_strategy.py,46,from,config,MODEL_HEALTH_MIN_SAMPLES
options-bot/strategies/base_strategy.py,46,from,config,MODEL_HEALTH_WINDOW_SIZE
options-bot/strategies/base_strategy.py,46,from,config,PREDICTION_RESOLVE_MINUTES_SCALP
options-bot/strategies/base_strategy.py,46,from,config,PREDICTION_RESOLVE_MINUTES_SWING
options-bot/strategies/base_strategy.py,53,from,config,ALPACA_API_KEY
options-bot/strategies/base_strategy.py,53,from,config,ALPACA_API_SECRET
options-bot/strategies/base_strategy.py,53,from,config,EARNINGS_BLACKOUT_DAYS_AFTER
options-bot/strategies/base_strategy.py,53,from,config,EARNINGS_BLACKOUT_DAYS_BEFORE
options-bot/strategies/base_strategy.py,53,from,config,MIN_OPEN_INTEREST
options-bot/strategies/base_strategy.py,53,from,config,MIN_OPTION_VOLUME
options-bot/strategies/base_strategy.py,58,from,utils.circuit_breaker,CircuitBreaker
options-bot/strategies/base_strategy.py,59,from,ml.xgboost_predictor,XGBoostPredictor
options-bot/strategies/base_strategy.py,60,from,ml.ev_filter,scan_chain_for_best_ev
options-bot/strategies/base_strategy.py,61,from,risk.risk_manager,RiskManager
options-bot/strategies/base_strategy.py,62,from,data.vix_provider,VIXProvider
options-bot/strategies/base_strategy.py,146,from,ml.tft_predictor,TFTPredictor
options-bot/strategies/base_strategy.py,149,from,ml.ensemble_predictor,EnsemblePredictor
options-bot/strategies/base_strategy.py,152,from,ml.lgbm_predictor,LightGBMPredictor
options-bot/strategies/base_strategy.py,155,from,ml.scalp_predictor,ScalpPredictor
options-bot/strategies/base_strategy.py,158,from,ml.swing_classifier_predictor,SwingClassifierPredictor
options-bot/strategies/base_strategy.py,208,from,data.alpaca_provider,AlpacaStockProvider
options-bot/strategies/base_strategy.py,268,from,ml.scalp_predictor,ScalpPredictor
options-bot/strategies/base_strategy.py,269,from,ml.swing_classifier_predictor,SwingClassifierPredictor
options-bot/strategies/base_strategy.py,320,from,utils.alerter,send_alert
options-bot/strategies/base_strategy.py,533,from,config,LOGS_DIR
options-bot/strategies/base_strategy.py,550,from,utils.alerter,send_alert
options-bot/strategies/base_strategy.py,724,from,ml.tft_predictor,ENCODER_LENGTH
options-bot/strategies/base_strategy.py,789,from,zoneinfo,ZoneInfo
options-bot/strategies/base_strategy.py,856,from,ml.feature_engineering.base_features,compute_base_features
options-bot/strategies/base_strategy.py,858,import,datetime,
options-bot/strategies/base_strategy.py,865,from,data.options_data_fetcher,fetch_options_for_training
options-bot/strategies/base_strategy.py,866,from,config,PRESET_DEFAULTS
options-bot/strategies/base_strategy.py,883,from,data.vix_provider,fetch_vix_daily_bars
options-bot/strategies/base_strategy.py,895,from,ml.feature_engineering.swing_features,compute_swing_features
options-bot/strategies/base_strategy.py,898,from,ml.feature_engineering.general_features,compute_general_features
options-bot/strategies/base_strategy.py,901,from,ml.feature_engineering.scalp_features,compute_scalp_features
options-bot/strategies/base_strategy.py,1011,from,ml.feedback_queue,enqueue_completed_sample
options-bot/strategies/base_strategy.py,1061,from,config,DB_PATH
options-bot/strategies/base_strategy.py,1322,from,ml.feature_engineering.base_features,compute_base_features
options-bot/strategies/base_strategy.py,1326,import,datetime,
options-bot/strategies/base_strategy.py,1333,from,data.options_data_fetcher,fetch_options_for_training
options-bot/strategies/base_strategy.py,1334,from,config,PRESET_DEFAULTS
options-bot/strategies/base_strategy.py,1351,from,data.vix_provider,fetch_vix_daily_bars
options-bot/strategies/base_strategy.py,1363,from,ml.feature_engineering.swing_features,compute_swing_features
options-bot/strategies/base_strategy.py,1366,from,ml.feature_engineering.general_features,compute_general_features
options-bot/strategies/base_strategy.py,1369,from,ml.feature_engineering.scalp_features,compute_scalp_features
options-bot/strategies/base_strategy.py,1435,from,ml.tft_predictor,ENCODER_LENGTH
options-bot/strategies/base_strategy.py,1518,from,config,VIX_REGIME_ENABLED
options-bot/strategies/base_strategy.py,1520,from,ml.regime_adjuster,adjust_prediction_confidence
options-bot/strategies/base_strategy.py,1521,from,config,VIX_REGIME_HIGH_MULTIPLIER
options-bot/strategies/base_strategy.py,1521,from,config,VIX_REGIME_HIGH_THRESHOLD
options-bot/strategies/base_strategy.py,1521,from,config,VIX_REGIME_LOW_MULTIPLIER
options-bot/strategies/base_strategy.py,1521,from,config,VIX_REGIME_LOW_THRESHOLD
options-bot/strategies/base_strategy.py,1521,from,config,VIX_REGIME_NORMAL_MULTIPLIER
options-bot/strategies/base_strategy.py,1755,from,ml.ev_filter,get_implied_move_pct
options-bot/strategies/base_strategy.py,1801,from,data.earnings_calendar,has_earnings_in_window
options-bot/strategies/base_strategy.py,1921,from,ml.liquidity_filter,check_liquidity
options-bot/strategies/base_strategy.py,1921,from,ml.liquidity_filter,fetch_option_snapshot
options-bot/strategies/base_strategy.py,1969,from,config,PORTFOLIO_MAX_ABS_DELTA
options-bot/strategies/base_strategy.py,2178,import,datetime,
options-bot/strategies/base_strategy.py,2208,import,datetime,
options-bot/strategies/base_strategy.py,2297,import,datetime,
options-bot/strategies/general_strategy.py,21,import,logging,
options-bot/strategies/general_strategy.py,23,from,strategies.base_strategy,BaseOptionsStrategy
options-bot/strategies/scalp_strategy.py,30,import,logging,
options-bot/strategies/scalp_strategy.py,32,from,strategies.base_strategy,BaseOptionsStrategy
options-bot/strategies/swing_strategy.py,20,import,logging,
options-bot/strategies/swing_strategy.py,22,from,strategies.base_strategy,BaseOptionsStrategy
options-bot/ui/src/App.tsx,1,import_ts,"import { BrowserRouter, Routes, Route, Link } from 'react-router-dom';",
options-bot/ui/src/App.tsx,2,import_ts,"import { QueryClient, QueryClientProvider } from '@tanstack/react-query';",
options-bot/ui/src/App.tsx,3,import_ts,import { Layout } from './components/Layout';,
options-bot/ui/src/App.tsx,4,import_ts,import { Dashboard } from './pages/Dashboard';,
options-bot/ui/src/App.tsx,5,import_ts,import { Profiles } from './pages/Profiles';,
options-bot/ui/src/App.tsx,6,import_ts,import { ProfileDetail } from './pages/ProfileDetail';,
options-bot/ui/src/App.tsx,7,import_ts,import { Trades } from './pages/Trades';,
options-bot/ui/src/App.tsx,8,import_ts,import { SignalLogs } from './pages/SignalLogs';,
options-bot/ui/src/App.tsx,9,import_ts,import { System } from './pages/System';,
options-bot/ui/src/api/client.ts,7,import_ts,import type {,
options-bot/ui/src/components/Layout.tsx,1,import_ts,"import { NavLink, Outlet } from 'react-router-dom';",
options-bot/ui/src/components/Layout.tsx,2,import_ts,import {,
options-bot/ui/src/components/Layout.tsx,5,import_ts,import { useQuery } from '@tanstack/react-query';,
options-bot/ui/src/components/Layout.tsx,6,import_ts,import { api } from '../api/client';,
options-bot/ui/src/components/ProfileForm.tsx,1,import_ts,import { useState } from 'react';,
options-bot/ui/src/components/ProfileForm.tsx,2,import_ts,"import { useMutation, useQueryClient } from '@tanstack/react-query';",
options-bot/ui/src/components/ProfileForm.tsx,3,import_ts,"import { X, Plus } from 'lucide-react';",
options-bot/ui/src/components/ProfileForm.tsx,4,import_ts,import { api } from '../api/client';,
options-bot/ui/src/components/ProfileForm.tsx,5,import_ts,import { Spinner } from './Spinner';,
options-bot/ui/src/components/ProfileForm.tsx,6,import_ts,import type { Profile } from '../types/api';,
options-bot/ui/src/main.tsx,1,import_ts,import React from 'react';,
options-bot/ui/src/main.tsx,2,import_ts,import ReactDOM from 'react-dom/client';,
options-bot/ui/src/main.tsx,3,import_ts,import App from './App';,
options-bot/ui/src/main.tsx,4,import_ts,import './index.css';,
options-bot/ui/src/pages/Dashboard.tsx,1,import_ts,"import { useQuery, useMutation, useQueryClient } from '@tanstack/react-query';",
options-bot/ui/src/pages/Dashboard.tsx,2,import_ts,import { useNavigate } from 'react-router-dom';,
options-bot/ui/src/pages/Dashboard.tsx,3,import_ts,import {,
options-bot/ui/src/pages/Dashboard.tsx,8,import_ts,import { api } from '../api/client';,
options-bot/ui/src/pages/Dashboard.tsx,9,import_ts,import { StatusBadge } from '../components/StatusBadge';,
options-bot/ui/src/pages/Dashboard.tsx,10,import_ts,import { ConnIndicator } from '../components/ConnIndicator';,
options-bot/ui/src/pages/Dashboard.tsx,11,import_ts,import { PnlCell } from '../components/PnlCell';,
options-bot/ui/src/pages/Dashboard.tsx,12,import_ts,import { Spinner } from '../components/Spinner';,
options-bot/ui/src/pages/Dashboard.tsx,13,import_ts,import { PageHeader } from '../components/PageHeader';,
options-bot/ui/src/pages/Dashboard.tsx,14,import_ts,"import type { Profile, Trade, SystemStatus, PDTStatus, ModelHealthResponse, TrainingQueueStatus } from '../types/api';",
options-bot/ui/src/pages/ProfileDetail.tsx,1,import_ts,"import { useState, useEffect, useRef } from 'react';",
options-bot/ui/src/pages/ProfileDetail.tsx,2,import_ts,"import { useParams, useNavigate } from 'react-router-dom';",
options-bot/ui/src/pages/ProfileDetail.tsx,3,import_ts,"import { useQuery, useMutation, useQueryClient } from '@tanstack/react-query';",
options-bot/ui/src/pages/ProfileDetail.tsx,4,import_ts,import {,
options-bot/ui/src/pages/ProfileDetail.tsx,9,import_ts,"import type { ModelSummary, ModelHealthEntry, ModelHealthResponse } from '../types/api';",
options-bot/ui/src/pages/ProfileDetail.tsx,10,import_ts,import { api } from '../api/client';,
options-bot/ui/src/pages/ProfileDetail.tsx,11,import_ts,import { StatusBadge } from '../components/StatusBadge';,
options-bot/ui/src/pages/ProfileDetail.tsx,18,import_ts,import { Spinner } from '../components/Spinner';,
options-bot/ui/src/pages/ProfileDetail.tsx,19,import_ts,import { PnlCell } from '../components/PnlCell';,
options-bot/ui/src/pages/ProfileDetail.tsx,20,import_ts,import { ProfileForm } from '../components/ProfileForm';,
options-bot/ui/src/pages/Profiles.tsx,1,import_ts,import { useState } from 'react';,
options-bot/ui/src/pages/Profiles.tsx,2,import_ts,import { useNavigate } from 'react-router-dom';,
options-bot/ui/src/pages/Profiles.tsx,3,import_ts,"import { useQuery, useMutation, useQueryClient } from '@tanstack/react-query';",
options-bot/ui/src/pages/Profiles.tsx,4,import_ts,import {,
options-bot/ui/src/pages/Profiles.tsx,8,import_ts,import { api } from '../api/client';,
options-bot/ui/src/pages/Profiles.tsx,9,import_ts,import { PageHeader } from '../components/PageHeader';,
options-bot/ui/src/pages/Profiles.tsx,10,import_ts,import { StatusBadge } from '../components/StatusBadge';,
options-bot/ui/src/pages/Profiles.tsx,11,import_ts,import { Spinner } from '../components/Spinner';,
options-bot/ui/src/pages/Profiles.tsx,12,import_ts,import { PnlCell } from '../components/PnlCell';,
options-bot/ui/src/pages/Profiles.tsx,13,import_ts,import { ProfileForm } from '../components/ProfileForm';,
options-bot/ui/src/pages/Profiles.tsx,14,import_ts,import type { Profile } from '../types/api';,
options-bot/ui/src/pages/SignalLogs.tsx,1,import_ts,"import { useState, useMemo } from 'react';",
options-bot/ui/src/pages/SignalLogs.tsx,2,import_ts,import { useQuery } from '@tanstack/react-query';,
options-bot/ui/src/pages/SignalLogs.tsx,3,import_ts,import {,
options-bot/ui/src/pages/SignalLogs.tsx,7,import_ts,import { api } from '../api/client';,
options-bot/ui/src/pages/SignalLogs.tsx,8,import_ts,import { PageHeader } from '../components/PageHeader';,
options-bot/ui/src/pages/SignalLogs.tsx,9,import_ts,import { Spinner } from '../components/Spinner';,
options-bot/ui/src/pages/SignalLogs.tsx,10,import_ts,import type { SignalLogEntry } from '../types/api';,
options-bot/ui/src/pages/System.tsx,1,import_ts,import { useState } from 'react';,
options-bot/ui/src/pages/System.tsx,2,import_ts,"import { useQuery, useQueryClient, useMutation } from '@tanstack/react-query';",
options-bot/ui/src/pages/System.tsx,3,import_ts,import {,
options-bot/ui/src/pages/System.tsx,8,import_ts,import { api } from '../api/client';,
options-bot/ui/src/pages/System.tsx,9,import_ts,import { PageHeader } from '../components/PageHeader';,
options-bot/ui/src/pages/System.tsx,10,import_ts,import { Spinner } from '../components/Spinner';,
options-bot/ui/src/pages/System.tsx,11,import_ts,"import type { ErrorLogEntry, TradingProcessInfo } from '../types/api';",
options-bot/ui/src/pages/Trades.tsx,1,import_ts,"import { useState, useMemo } from 'react';",
options-bot/ui/src/pages/Trades.tsx,2,import_ts,import { useQuery } from '@tanstack/react-query';,
options-bot/ui/src/pages/Trades.tsx,3,import_ts,import {,
options-bot/ui/src/pages/Trades.tsx,7,import_ts,import { api } from '../api/client';,
options-bot/ui/src/pages/Trades.tsx,8,import_ts,import { PageHeader } from '../components/PageHeader';,
options-bot/ui/src/pages/Trades.tsx,9,import_ts,import { StatusBadge } from '../components/StatusBadge';,
options-bot/ui/src/pages/Trades.tsx,10,import_ts,import { PnlCell } from '../components/PnlCell';,
options-bot/ui/src/pages/Trades.tsx,11,import_ts,import { Spinner } from '../components/Spinner';,
options-bot/ui/src/pages/Trades.tsx,12,import_ts,import type { Trade } from '../types/api';,
options-bot/ui/vite.config.ts,1,import_ts,import { defineConfig } from 'vite';,
options-bot/ui/vite.config.ts,2,import_ts,import react from '@vitejs/plugin-react';,
options-bot/utils/alerter.py,13,import,json,
options-bot/utils/alerter.py,14,import,logging,
options-bot/utils/alerter.py,15,import,threading,
options-bot/utils/alerter.py,16,import,time,
options-bot/utils/alerter.py,17,from,typing,Optional
options-bot/utils/alerter.py,19,import,sys,
options-bot/utils/alerter.py,20,from,pathlib,Path
options-bot/utils/alerter.py,46,from,config,ALERT_WEBHOOK_URL
options-bot/utils/alerter.py,70,import,urllib.request,
options-bot/utils/circuit_breaker.py,24,import,logging,
options-bot/utils/circuit_breaker.py,25,import,threading,
options-bot/utils/circuit_breaker.py,26,import,time,
options-bot/utils/circuit_breaker.py,27,from,enum,Enum
options-bot/utils/circuit_breaker.py,146,import,random,
