path_normalized,status,in_claude_manifest,in_codex_manifest,exists_in_repo_now
.claude/settings.local.json,match,True,True,True
.env.example,codex_only,False,True,True
.gitignore,match,True,True,True
.vscode/settings.json,claude_only,True,False,False
AUDIT_PACKAGE/00_EXEC_SUMMARY.md,codex_only,False,True,True
AUDIT_PACKAGE/01_REPO_MANIFEST.csv,codex_only,False,True,True
AUDIT_PACKAGE/02_SYMBOL_INVENTORY.csv,codex_only,False,True,True
AUDIT_PACKAGE/03_FILE_BY_FILE_AUDIT.md,codex_only,False,True,True
AUDIT_PACKAGE/03_FILE_BY_FILE_AUDIT_FRONTEND.md,codex_only,False,True,True
AUDIT_PACKAGE/03_FILE_BY_FILE_AUDIT_OTHER.md,codex_only,False,True,True
AUDIT_PACKAGE/03_FILE_BY_FILE_AUDIT_PYTHON.md,codex_only,False,True,True
AUDIT_PACKAGE/04_FULL_WIREMAP.md,codex_only,False,True,True
AUDIT_PACKAGE/05_IMPORT_EXPORT_MATRIX.csv,codex_only,False,True,True
AUDIT_PACKAGE/06_ENDPOINT_MATRIX.csv,codex_only,False,True,True
AUDIT_PACKAGE/07_UI_CONTROL_MATRIX.csv,codex_only,False,True,True
AUDIT_PACKAGE/08_UI_VISIBLE_TEXT_INVENTORY.csv,codex_only,False,True,True
AUDIT_PACKAGE/09_DATAFLOW_TRACES.md,codex_only,False,True,True
AUDIT_PACKAGE/10_MODEL_TRAINING_AUDIT.md,codex_only,False,True,True
AUDIT_PACKAGE/11_MODEL_INFERENCE_AUDIT.md,codex_only,False,True,True
AUDIT_PACKAGE/12_EXTERNAL_DEPENDENCY_VALIDATION.csv,codex_only,False,True,True
AUDIT_PACKAGE/12_EXTERNAL_DEPENDENCY_VALIDATION.md,codex_only,False,True,True
AUDIT_PACKAGE/13_LOG_FIRST_RUNTIME_ANALYSIS.md,codex_only,False,True,True
AUDIT_PACKAGE/14_GATE_KILL_COUNTS.md,codex_only,False,True,True
AUDIT_PACKAGE/15_NUMERICAL_PIPELINE_TRACES.md,codex_only,False,True,True
AUDIT_PACKAGE/16_E2E_SCENARIO_TESTS.md,codex_only,False,True,True
AUDIT_PACKAGE/17_FRONTEND_BACKEND_BINDINGS.csv,codex_only,False,True,True
AUDIT_PACKAGE/17_FRONTEND_BACKEND_BINDINGS.md,codex_only,False,True,True
AUDIT_PACKAGE/18_DB_STORAGE_AND_RETRIEVAL_AUDIT.md,codex_only,False,True,True
AUDIT_PACKAGE/19_CONFIG_ENV_AUDIT.md,codex_only,False,True,True
AUDIT_PACKAGE/19_CONFIG_ENV_STORAGE_INVENTORY.csv,codex_only,False,True,True
AUDIT_PACKAGE/20_STARTUP_SHUTDOWN_LIVE_LOOP_AUDIT.md,codex_only,False,True,True
AUDIT_PACKAGE/21_BUG_LEDGER.csv,codex_only,False,True,True
AUDIT_PACKAGE/21_BUG_LEDGER.md,codex_only,False,True,True
AUDIT_PACKAGE/22_FAILURE_LEDGER.csv,codex_only,False,True,True
AUDIT_PACKAGE/22_FAILURE_LEDGER.md,codex_only,False,True,True
AUDIT_PACKAGE/23_REMAINING_RISKS_AND_UNKNOWNS.md,codex_only,False,True,True
AUDIT_PACKAGE/24_FINAL_ACCEPTANCE_CHECKLIST.md,codex_only,False,True,True
AUDIT_PACKAGE/25_MANIFEST_RECONCILIATION.csv,codex_only,False,True,True
AUDIT_PACKAGE/SELF_CRITIQUE.md,codex_only,False,True,True
AUDIT_PACKAGE/artifacts/backfill_lines.py,codex_only,False,True,True
AUDIT_PACKAGE/artifacts/gen_imports.py,codex_only,False,True,True
AUDIT_PACKAGE/artifacts/gen_other_audit.py,codex_only,False,True,True
AUDIT_PACKAGE/artifacts/gen_py_audit.py,codex_only,False,True,True
AUDIT_PACKAGE/artifacts/gen_reconciliation.py,codex_only,False,True,True
AUDIT_PACKAGE/artifacts/gen_wiremap.py,codex_only,False,True,True
AUDIT_PACKAGE/artifacts/gen_wiremap_expanded.py,codex_only,False,True,True
AUDIT_PACKAGE/artifacts/ui_debug_qs.mjs,codex_only,False,True,True
AUDIT_PACKAGE/artifacts/ui_test.mjs,codex_only,False,True,True
AUDIT_PACKAGE/artifacts/ui_test_fix.mjs,codex_only,False,True,True
AUDIT_PACKAGE/curl/EP01_GET_profiles.json,codex_only,False,True,True
AUDIT_PACKAGE/curl/EP02_GET_profiles_id.json,codex_only,False,True,True
AUDIT_PACKAGE/curl/EP03_GET_profiles_id_404.json,codex_only,False,True,True
AUDIT_PACKAGE/curl/EP04_POST_profiles_create.json,codex_only,False,True,True
AUDIT_PACKAGE/curl/EP05_PUT_profiles_update.json,codex_only,False,True,True
AUDIT_PACKAGE/curl/EP06_POST_profiles_activate.json,codex_only,False,True,True
AUDIT_PACKAGE/curl/EP07_POST_profiles_pause.json,codex_only,False,True,True
AUDIT_PACKAGE/curl/EP07b_POST_profiles_reactivate.json,codex_only,False,True,True
AUDIT_PACKAGE/curl/EP08_GET_models_profile.json,codex_only,False,True,True
AUDIT_PACKAGE/curl/EP09_GET_models_profile_null.json,codex_only,False,True,True
AUDIT_PACKAGE/curl/EP10_GET_models_status.json,codex_only,False,True,True
AUDIT_PACKAGE/curl/EP11_GET_models_status_404.json,codex_only,False,True,True
AUDIT_PACKAGE/curl/EP12_GET_models_metrics.json,codex_only,False,True,True
AUDIT_PACKAGE/curl/EP13_GET_models_importance.json,codex_only,False,True,True
AUDIT_PACKAGE/curl/EP14_GET_models_logs.json,codex_only,False,True,True
AUDIT_PACKAGE/curl/EP15_POST_models_train.json,codex_only,False,True,True
AUDIT_PACKAGE/curl/EP16_POST_models_retrain.json,codex_only,False,True,True
AUDIT_PACKAGE/curl/EP17_DELETE_models_logs.json,codex_only,False,True,True
AUDIT_PACKAGE/curl/EP18_GET_trades.json,codex_only,False,True,True
AUDIT_PACKAGE/curl/EP19_GET_trades_filtered.json,codex_only,False,True,True
AUDIT_PACKAGE/curl/EP20_GET_trades_active.json,codex_only,False,True,True
AUDIT_PACKAGE/curl/EP21_GET_trades_stats.json,codex_only,False,True,True
AUDIT_PACKAGE/curl/EP22_GET_trades_stats_profile.json,codex_only,False,True,True
AUDIT_PACKAGE/curl/EP23_GET_trades_export.csv,codex_only,False,True,True
AUDIT_PACKAGE/curl/EP24_GET_trades_id_404.json,codex_only,False,True,True
AUDIT_PACKAGE/curl/EP25_GET_signals_profile.json,codex_only,False,True,True
AUDIT_PACKAGE/curl/EP26_GET_signals_profile_404.json,codex_only,False,True,True
AUDIT_PACKAGE/curl/EP27_GET_signals_export.csv,codex_only,False,True,True
AUDIT_PACKAGE/curl/EP28_GET_system_health.json,codex_only,False,True,True
AUDIT_PACKAGE/curl/EP29_GET_system_status.json,codex_only,False,True,True
AUDIT_PACKAGE/curl/EP30_GET_system_pdt.json,codex_only,False,True,True
AUDIT_PACKAGE/curl/EP31_GET_system_errors.json,codex_only,False,True,True
AUDIT_PACKAGE/curl/EP32_DELETE_system_errors.json,codex_only,False,True,True
AUDIT_PACKAGE/curl/EP33_GET_system_model_health.json,codex_only,False,True,True
AUDIT_PACKAGE/curl/EP34_GET_system_training_queue.json,codex_only,False,True,True
AUDIT_PACKAGE/curl/EP35_GET_trading_status.json,codex_only,False,True,True
AUDIT_PACKAGE/curl/EP36_GET_trading_startable.json,codex_only,False,True,True
AUDIT_PACKAGE/curl/EP37_GET_trading_watchdog.json,codex_only,False,True,True
AUDIT_PACKAGE/curl/EP38_POST_trading_start.json,codex_only,False,True,True
AUDIT_PACKAGE/curl/EP39_POST_trading_stop.json,codex_only,False,True,True
AUDIT_PACKAGE/curl/EP40_POST_trading_restart.json,codex_only,False,True,True
AUDIT_PACKAGE/curl/EP41_POST_backtest.json,codex_only,False,True,True
AUDIT_PACKAGE/curl/EP42_GET_backtest_results.json,codex_only,False,True,True
AUDIT_PACKAGE/curl/EP43_GET_backtest_results_404.json,codex_only,False,True,True
AUDIT_PACKAGE/curl/EP44_GET_trades_id.json,codex_only,False,True,True
AUDIT_PACKAGE/curl/EP45_DELETE_profiles.json,codex_only,False,True,True
AUDIT_PACKAGE/curl/EP46_DELETE_profiles_404.json,codex_only,False,True,True
AUDIT_PACKAGE/db/gate_kill_queries.txt,codex_only,False,True,True
AUDIT_PACKAGE/db/orphan_check.txt,codex_only,False,True,True
AUDIT_PACKAGE/db/schema.sql,codex_only,False,True,True
AUDIT_PACKAGE/db/system_state.txt,codex_only,False,True,True
AUDIT_PACKAGE/db/table_models.txt,codex_only,False,True,True
AUDIT_PACKAGE/db/table_profiles.txt,codex_only,False,True,True
AUDIT_PACKAGE/db/table_signal_logs.txt,codex_only,False,True,True
AUDIT_PACKAGE/db/table_sqlite_sequence.txt,codex_only,False,True,True
AUDIT_PACKAGE/db/table_system_state.txt,codex_only,False,True,True
AUDIT_PACKAGE/db/table_trades.txt,codex_only,False,True,True
AUDIT_PACKAGE/db/table_training_logs.txt,codex_only,False,True,True
AUDIT_PACKAGE/db/table_training_queue.txt,codex_only,False,True,True
AUDIT_PACKAGE/json/ui_test_results.json,codex_only,False,True,True
AUDIT_PACKAGE/logs/backtest_settings.json,codex_only,False,True,True
AUDIT_PACKAGE/logs/backtest_tearsheet.csv,codex_only,False,True,True
AUDIT_PACKAGE/logs/backtest_trades.csv,codex_only,False,True,True
AUDIT_PACKAGE/logs/training_logs_dump.txt,codex_only,False,True,True
AUDIT_PACKAGE/network/api_requests.json,codex_only,False,True,True
AUDIT_PACKAGE/screenshots/dashboard_activate_btn.png,codex_only,False,True,True
AUDIT_PACKAGE/screenshots/dashboard_after_refresh.png,codex_only,False,True,True
AUDIT_PACKAGE/screenshots/dashboard_clear_error.png,codex_only,False,True,True
AUDIT_PACKAGE/screenshots/dashboard_detail_btn.png,codex_only,False,True,True
AUDIT_PACKAGE/screenshots/dashboard_loaded.png,codex_only,False,True,True
AUDIT_PACKAGE/screenshots/dashboard_pause_btn.png,codex_only,False,True,True
AUDIT_PACKAGE/screenshots/dashboard_profile_click.png,codex_only,False,True,True
AUDIT_PACKAGE/screenshots/dashboard_profile_click_fix.png,codex_only,False,True,True
AUDIT_PACKAGE/screenshots/nav_dashboard.png,codex_only,False,True,True
AUDIT_PACKAGE/screenshots/nav_profiles.png,codex_only,False,True,True
AUDIT_PACKAGE/screenshots/nav_signal_logs.png,codex_only,False,True,True
AUDIT_PACKAGE/screenshots/nav_system_status.png,codex_only,False,True,True
AUDIT_PACKAGE/screenshots/nav_trade_history.png,codex_only,False,True,True
AUDIT_PACKAGE/screenshots/page_not_found_404.png,codex_only,False,True,True
AUDIT_PACKAGE/screenshots/profile_detail_back_link.png,codex_only,False,True,True
AUDIT_PACKAGE/screenshots/profile_detail_backtest_fix.png,codex_only,False,True,True
AUDIT_PACKAGE/screenshots/profile_detail_edit_fix.png,codex_only,False,True,True
AUDIT_PACKAGE/screenshots/profile_detail_features_fix.png,codex_only,False,True,True
AUDIT_PACKAGE/screenshots/profile_detail_loaded_fix.png,codex_only,False,True,True
AUDIT_PACKAGE/screenshots/profile_detail_logs_fix.png,codex_only,False,True,True
AUDIT_PACKAGE/screenshots/profile_detail_train_fix.png,codex_only,False,True,True
AUDIT_PACKAGE/screenshots/profile_form_advanced_open.png,codex_only,False,True,True
AUDIT_PACKAGE/screenshots/profile_form_name_input.png,codex_only,False,True,True
AUDIT_PACKAGE/screenshots/profile_form_opened_fix.png,codex_only,False,True,True
AUDIT_PACKAGE/screenshots/profile_form_preset_general.png,codex_only,False,True,True
AUDIT_PACKAGE/screenshots/profile_form_preset_general_fix.png,codex_only,False,True,True
AUDIT_PACKAGE/screenshots/profile_form_preset_scalp.png,codex_only,False,True,True
AUDIT_PACKAGE/screenshots/profile_form_preset_scalp_fix.png,codex_only,False,True,True
AUDIT_PACKAGE/screenshots/profile_form_preset_swing.png,codex_only,False,True,True
AUDIT_PACKAGE/screenshots/profile_form_preset_swing_fix.png,codex_only,False,True,True
AUDIT_PACKAGE/screenshots/profile_not_found.png,codex_only,False,True,True
AUDIT_PACKAGE/screenshots/profile_not_found_fix.png,codex_only,False,True,True
AUDIT_PACKAGE/screenshots/profiles_delete_dialog.png,codex_only,False,True,True
AUDIT_PACKAGE/screenshots/profiles_edit_modal.png,codex_only,False,True,True
AUDIT_PACKAGE/screenshots/profiles_loaded.png,codex_only,False,True,True
AUDIT_PACKAGE/screenshots/profiles_new_profile_modal.png,codex_only,False,True,True
AUDIT_PACKAGE/screenshots/profiles_row_activate.png,codex_only,False,True,True
AUDIT_PACKAGE/screenshots/profiles_row_delete.png,codex_only,False,True,True
AUDIT_PACKAGE/screenshots/profiles_row_detail.png,codex_only,False,True,True
AUDIT_PACKAGE/screenshots/profiles_row_edit.png,codex_only,False,True,True
AUDIT_PACKAGE/screenshots/profiles_row_pause.png,codex_only,False,True,True
AUDIT_PACKAGE/screenshots/profiles_row_train.png,codex_only,False,True,True
AUDIT_PACKAGE/screenshots/signal_logs_loaded.png,codex_only,False,True,True
AUDIT_PACKAGE/screenshots/signal_logs_sorted.png,codex_only,False,True,True
AUDIT_PACKAGE/screenshots/system_after_refresh.png,codex_only,False,True,True
AUDIT_PACKAGE/screenshots/system_final.png,codex_only,False,True,True
AUDIT_PACKAGE/screenshots/system_loaded.png,codex_only,False,True,True
AUDIT_PACKAGE/screenshots/system_quick_start.png,codex_only,False,True,True
AUDIT_PACKAGE/screenshots/system_quick_start_cancel_fix.png,codex_only,False,True,True
AUDIT_PACKAGE/screenshots/trades_filters.png,codex_only,False,True,True
AUDIT_PACKAGE/screenshots/trades_loaded.png,codex_only,False,True,True
AUDIT_PACKAGE/screenshots/trades_sorted.png,codex_only,False,True,True
CLAUDE.md,match,True,True,True
backend/__init__.py,codex_only,False,True,True
backend/app.py,codex_only,False,True,True
backend/database.py,codex_only,False,True,True
backend/db_log_handler.py,codex_only,False,True,True
backend/routes/__init__.py,codex_only,False,True,True
backend/routes/models.py,codex_only,False,True,True
backend/routes/profiles.py,codex_only,False,True,True
backend/routes/signals.py,codex_only,False,True,True
backend/routes/system.py,codex_only,False,True,True
backend/routes/trades.py,codex_only,False,True,True
backend/routes/trading.py,codex_only,False,True,True
backend/schemas.py,codex_only,False,True,True
config.py,codex_only,False,True,True
data/__init__.py,codex_only,False,True,True
data/alpaca_provider.py,codex_only,False,True,True
data/earnings_calendar.py,codex_only,False,True,True
data/greeks_calculator.py,codex_only,False,True,True
data/options_data_fetcher.py,codex_only,False,True,True
data/provider.py,codex_only,False,True,True
data/theta_provider.py,codex_only,False,True,True
data/validator.py,codex_only,False,True,True
data/vix_provider.py,codex_only,False,True,True
db/.gitkeep,codex_only,False,True,True
docs/AUDIT_FAILURES_AND_RULES.md,match,True,True,True
docs/AUDIT_FINDINGS.md,codex_only,False,True,True
docs/CLAUDE_ZERO_OMISSION_TERMINATION_GRADE_AUDIT_DIRECTIVE.md,match,True,True,True
docs/DEPLOYMENT.md,codex_only,False,True,True
docs/FORMAL_REJECTION_MEMO_AUDIT_PACKAGE.md,match,True,True,True
docs/OPERATIONS.md,codex_only,False,True,True
docs/PROJECT_ARCHITECTURE.md,match,True,True,True
docs/UPDATED_PROMPT.md,match,True,True,True
docs/signal-logs-2026-03-09 (1).csv,match,True,True,True
docs/signal-logs-2026-03-09.csv,match,True,True,True
logs/.gitkeep,codex_only,False,True,True
main.py,codex_only,False,True,True
ml/__init__.py,codex_only,False,True,True
ml/ensemble_predictor.py,codex_only,False,True,True
ml/ev_filter.py,codex_only,False,True,True
ml/feature_engineering/__init__.py,codex_only,False,True,True
ml/feature_engineering/base_features.py,codex_only,False,True,True
ml/feature_engineering/general_features.py,codex_only,False,True,True
ml/feature_engineering/scalp_features.py,codex_only,False,True,True
ml/feature_engineering/swing_features.py,codex_only,False,True,True
ml/feedback_queue.py,codex_only,False,True,True
ml/incremental_trainer.py,codex_only,False,True,True
ml/lgbm_predictor.py,codex_only,False,True,True
ml/lgbm_trainer.py,codex_only,False,True,True
ml/liquidity_filter.py,codex_only,False,True,True
ml/predictor.py,codex_only,False,True,True
ml/regime_adjuster.py,codex_only,False,True,True
ml/scalp_predictor.py,codex_only,False,True,True
ml/scalp_trainer.py,codex_only,False,True,True
ml/swing_classifier_predictor.py,codex_only,False,True,True
ml/swing_classifier_trainer.py,codex_only,False,True,True
ml/tft_predictor.py,codex_only,False,True,True
ml/tft_trainer.py,codex_only,False,True,True
ml/trainer.py,codex_only,False,True,True
ml/xgboost_predictor.py,codex_only,False,True,True
models/.gitkeep,codex_only,False,True,True
models/ac3ff5ea-f8a8-4046-af54-d52efe8ec7f4_scalp_SPY_0e9fd3c0.joblib,codex_only,False,True,True
models/ac3ff5ea-f8a8-4046-af54-d52efe8ec7f4_scalp_SPY_171859fb.joblib,codex_only,False,True,True
models/ad48bf20-1913-4f40-b028-0580c9f48168_swing_cls_TSLA_ce4bfaf5.joblib,codex_only,False,True,True
options-bot/.env,claude_only,True,False,False
options-bot/.env.example,claude_only,True,False,True
options-bot/__pycache__/config.cpython-313.pyc,claude_only,True,False,False
options-bot/__pycache__/main.cpython-313.pyc,claude_only,True,False,False
options-bot/backend/__init__.py,claude_only,True,False,True
options-bot/backend/__pycache__/__init__.cpython-313.pyc,claude_only,True,False,False
options-bot/backend/__pycache__/app.cpython-313.pyc,claude_only,True,False,False
options-bot/backend/__pycache__/database.cpython-313.pyc,claude_only,True,False,False
options-bot/backend/__pycache__/db_log_handler.cpython-313.pyc,claude_only,True,False,False
options-bot/backend/__pycache__/schemas.cpython-313.pyc,claude_only,True,False,False
options-bot/backend/app.py,claude_only,True,False,True
options-bot/backend/database.py,claude_only,True,False,True
options-bot/backend/db_log_handler.py,claude_only,True,False,True
options-bot/backend/routes/__init__.py,claude_only,True,False,True
options-bot/backend/routes/__pycache__/__init__.cpython-313.pyc,claude_only,True,False,False
options-bot/backend/routes/__pycache__/models.cpython-313.pyc,claude_only,True,False,False
options-bot/backend/routes/__pycache__/profiles.cpython-313.pyc,claude_only,True,False,False
options-bot/backend/routes/__pycache__/signals.cpython-313.pyc,claude_only,True,False,False
options-bot/backend/routes/__pycache__/system.cpython-313.pyc,claude_only,True,False,False
options-bot/backend/routes/__pycache__/trades.cpython-313.pyc,claude_only,True,False,False
options-bot/backend/routes/__pycache__/trading.cpython-313.pyc,claude_only,True,False,False
options-bot/backend/routes/models.py,claude_only,True,False,True
options-bot/backend/routes/profiles.py,claude_only,True,False,True
options-bot/backend/routes/signals.py,claude_only,True,False,True
options-bot/backend/routes/system.py,claude_only,True,False,True
options-bot/backend/routes/trades.py,claude_only,True,False,True
options-bot/backend/routes/trading.py,claude_only,True,False,True
options-bot/backend/schemas.py,claude_only,True,False,True
options-bot/checkpoints/epoch=0-step=48.ckpt,claude_only,True,False,False
options-bot/checkpoints/epoch=1-step=96.ckpt,claude_only,True,False,False
options-bot/checkpoints/epoch=10-step=517.ckpt,claude_only,True,False,False
options-bot/checkpoints/epoch=10-step=528.ckpt,claude_only,True,False,False
options-bot/checkpoints/epoch=12-step=611.ckpt,claude_only,True,False,False
options-bot/checkpoints/epoch=13-step=658.ckpt,claude_only,True,False,False
options-bot/checkpoints/epoch=13-step=672.ckpt,claude_only,True,False,False
options-bot/checkpoints/epoch=14-step=705-v1.ckpt,claude_only,True,False,False
options-bot/checkpoints/epoch=14-step=705.ckpt,claude_only,True,False,False
options-bot/checkpoints/epoch=14-step=720.ckpt,claude_only,True,False,False
options-bot/checkpoints/epoch=16-step=816.ckpt,claude_only,True,False,False
options-bot/checkpoints/epoch=17-step=864-v1.ckpt,claude_only,True,False,False
options-bot/checkpoints/epoch=17-step=864.ckpt,claude_only,True,False,False
options-bot/checkpoints/epoch=19-step=960.ckpt,claude_only,True,False,False
options-bot/checkpoints/epoch=20-step=1008-v1.ckpt,claude_only,True,False,False
options-bot/checkpoints/epoch=20-step=1008.ckpt,claude_only,True,False,False
options-bot/checkpoints/epoch=22-step=1104.ckpt,claude_only,True,False,False
options-bot/checkpoints/epoch=24-step=1200.ckpt,claude_only,True,False,False
options-bot/checkpoints/epoch=4-step=5475.ckpt,claude_only,True,False,False
options-bot/checkpoints/epoch=7-step=384.ckpt,claude_only,True,False,False
options-bot/checkpoints/epoch=8-step=432.ckpt,claude_only,True,False,False
options-bot/checkpoints/epoch=9-step=470.ckpt,claude_only,True,False,False
options-bot/checkpoints/epoch=9-step=480-v1.ckpt,claude_only,True,False,False
options-bot/checkpoints/epoch=9-step=480-v2.ckpt,claude_only,True,False,False
options-bot/checkpoints/epoch=9-step=480.ckpt,claude_only,True,False,False
options-bot/config.py,claude_only,True,False,True
options-bot/data/__init__.py,claude_only,True,False,True
options-bot/data/__pycache__/__init__.cpython-313.pyc,claude_only,True,False,False
options-bot/data/__pycache__/alpaca_provider.cpython-313.pyc,claude_only,True,False,False
options-bot/data/__pycache__/earnings_calendar.cpython-313.pyc,claude_only,True,False,False
options-bot/data/__pycache__/greeks_calculator.cpython-313.pyc,claude_only,True,False,False
options-bot/data/__pycache__/options_data_fetcher.cpython-313.pyc,claude_only,True,False,False
options-bot/data/__pycache__/provider.cpython-313.pyc,claude_only,True,False,False
options-bot/data/__pycache__/theta_provider.cpython-313.pyc,claude_only,True,False,False
options-bot/data/__pycache__/validator.cpython-313.pyc,claude_only,True,False,False
options-bot/data/__pycache__/vix_provider.cpython-313.pyc,claude_only,True,False,False
options-bot/data/alpaca_provider.py,claude_only,True,False,True
options-bot/data/cache/SPY_options_daily.parquet,claude_only,True,False,False
options-bot/data/cache/SPY_options_daily_dte0-0.parquet,claude_only,True,False,False
options-bot/data/cache/TSLA_options_daily.parquet,claude_only,True,False,False
options-bot/data/cache/TSLA_options_daily_dte7-45.parquet,claude_only,True,False,False
options-bot/data/earnings_calendar.py,claude_only,True,False,True
options-bot/data/greeks_calculator.py,claude_only,True,False,True
options-bot/data/options_bot.db,claude_only,True,False,False
options-bot/data/options_data_fetcher.py,claude_only,True,False,True
options-bot/data/provider.py,claude_only,True,False,True
options-bot/data/theta_provider.py,claude_only,True,False,True
options-bot/data/validator.py,claude_only,True,False,True
options-bot/data/vix_provider.py,claude_only,True,False,True
options-bot/db/.gitkeep,claude_only,True,False,True
options-bot/db/options_bot.db,claude_only,True,False,False
options-bot/docs/AUDIT_FINDINGS.md,claude_only,True,False,True
options-bot/docs/DEPLOYMENT.md,claude_only,True,False,True
options-bot/docs/OPERATIONS.md,claude_only,True,False,True
options-bot/logs/.gitkeep,claude_only,True,False,True
options-bot/logs/BT_SPY_scalp_2026-03-11_15-16_p5Rvy9_indicators.csv,claude_only,True,False,False
options-bot/logs/BT_SPY_scalp_2026-03-11_15-16_p5Rvy9_indicators.html,claude_only,True,False,False
options-bot/logs/BT_SPY_scalp_2026-03-11_15-16_p5Rvy9_indicators.parquet,claude_only,True,False,False
options-bot/logs/BT_SPY_scalp_2026-03-11_15-16_p5Rvy9_settings.json,claude_only,True,False,False
options-bot/logs/BT_SPY_scalp_2026-03-11_15-16_p5Rvy9_tearsheet.csv,claude_only,True,False,False
options-bot/logs/BT_SPY_scalp_2026-03-11_15-16_p5Rvy9_trade_events.csv,claude_only,True,False,False
options-bot/logs/BT_SPY_scalp_2026-03-11_15-16_p5Rvy9_trade_events.parquet,claude_only,True,False,False
options-bot/logs/BT_SPY_scalp_2026-03-11_15-16_p5Rvy9_trades.csv,claude_only,True,False,False
options-bot/logs/BT_SPY_scalp_2026-03-11_15-16_p5Rvy9_trades.parquet,claude_only,True,False,False
options-bot/logs/BT_SPY_scalp_2026-03-11_18-38_rO6kJI_indicators.csv,claude_only,True,False,False
options-bot/logs/BT_SPY_scalp_2026-03-11_18-38_rO6kJI_indicators.html,claude_only,True,False,False
options-bot/logs/BT_SPY_scalp_2026-03-11_18-38_rO6kJI_indicators.parquet,claude_only,True,False,False
options-bot/logs/BT_SPY_scalp_2026-03-11_18-38_rO6kJI_settings.json,claude_only,True,False,False
options-bot/logs/BT_SPY_scalp_2026-03-11_18-38_rO6kJI_tearsheet.csv,claude_only,True,False,False
options-bot/logs/BT_SPY_scalp_2026-03-11_18-38_rO6kJI_trade_events.csv,claude_only,True,False,False
options-bot/logs/BT_SPY_scalp_2026-03-11_18-38_rO6kJI_trade_events.parquet,claude_only,True,False,False
options-bot/logs/BT_SPY_scalp_2026-03-11_18-38_rO6kJI_trades.csv,claude_only,True,False,False
options-bot/logs/BT_SPY_scalp_2026-03-11_18-38_rO6kJI_trades.parquet,claude_only,True,False,False
options-bot/logs/BT_TSLA_swing_2026-02-23_18-25_vebC5d_indicators.csv,claude_only,True,False,False
options-bot/logs/BT_TSLA_swing_2026-02-23_18-25_vebC5d_indicators.html,claude_only,True,False,False
options-bot/logs/BT_TSLA_swing_2026-02-23_18-25_vebC5d_indicators.parquet,claude_only,True,False,False
options-bot/logs/BT_TSLA_swing_2026-02-23_18-25_vebC5d_settings.json,claude_only,True,False,False
options-bot/logs/BT_TSLA_swing_2026-02-23_18-25_vebC5d_trade_events.csv,claude_only,True,False,False
options-bot/logs/BT_TSLA_swing_2026-02-23_18-25_vebC5d_trade_events.parquet,claude_only,True,False,False
options-bot/logs/BT_TSLA_swing_2026-02-23_18-25_vebC5d_trades.csv,claude_only,True,False,False
options-bot/logs/BT_TSLA_swing_2026-02-23_18-25_vebC5d_trades.parquet,claude_only,True,False,False
options-bot/logs/BT_TSLA_swing_2026-02-24_12-51_kSm03I_indicators.csv,claude_only,True,False,False
options-bot/logs/BT_TSLA_swing_2026-02-24_12-51_kSm03I_indicators.html,claude_only,True,False,False
options-bot/logs/BT_TSLA_swing_2026-02-24_12-51_kSm03I_indicators.parquet,claude_only,True,False,False
options-bot/logs/BT_TSLA_swing_2026-02-24_12-51_kSm03I_settings.json,claude_only,True,False,False
options-bot/logs/BT_TSLA_swing_2026-02-24_12-51_kSm03I_tearsheet.csv,claude_only,True,False,False
options-bot/logs/BT_TSLA_swing_2026-02-24_12-51_kSm03I_trade_events.csv,claude_only,True,False,False
options-bot/logs/BT_TSLA_swing_2026-02-24_12-51_kSm03I_trade_events.parquet,claude_only,True,False,False
options-bot/logs/BT_TSLA_swing_2026-02-24_12-51_kSm03I_trades.csv,claude_only,True,False,False
options-bot/logs/BT_TSLA_swing_2026-02-24_12-51_kSm03I_trades.parquet,claude_only,True,False,False
options-bot/logs/BT_TSLA_swing_2026-02-24_16-32_xwpGbP_indicators.csv,claude_only,True,False,False
options-bot/logs/BT_TSLA_swing_2026-02-24_16-32_xwpGbP_indicators.html,claude_only,True,False,False
options-bot/logs/BT_TSLA_swing_2026-02-24_16-32_xwpGbP_indicators.parquet,claude_only,True,False,False
options-bot/logs/BT_TSLA_swing_2026-02-24_16-32_xwpGbP_settings.json,claude_only,True,False,False
options-bot/logs/BT_TSLA_swing_2026-02-24_16-32_xwpGbP_tearsheet.csv,claude_only,True,False,False
options-bot/logs/BT_TSLA_swing_2026-02-24_16-32_xwpGbP_trade_events.csv,claude_only,True,False,False
options-bot/logs/BT_TSLA_swing_2026-02-24_16-32_xwpGbP_trade_events.parquet,claude_only,True,False,False
options-bot/logs/BT_TSLA_swing_2026-02-24_16-32_xwpGbP_trades.csv,claude_only,True,False,False
options-bot/logs/BT_TSLA_swing_2026-02-24_16-32_xwpGbP_trades.parquet,claude_only,True,False,False
options-bot/logs/backtest_SPY_scalp_20260311_151635.csv,claude_only,True,False,False
options-bot/logs/backtest_SPY_scalp_20260311_151635.html,claude_only,True,False,False
options-bot/logs/backtest_SPY_scalp_20260311_151635.parquet,claude_only,True,False,False
options-bot/logs/backtest_SPY_scalp_20260311_183811.csv,claude_only,True,False,False
options-bot/logs/backtest_SPY_scalp_20260311_183811.html,claude_only,True,False,False
options-bot/logs/backtest_SPY_scalp_20260311_183811.parquet,claude_only,True,False,False
options-bot/logs/backtest_TSLA_swing_20260223_182520.csv,claude_only,True,False,False
options-bot/logs/backtest_TSLA_swing_20260223_182520.html,claude_only,True,False,False
options-bot/logs/backtest_TSLA_swing_20260223_182520.parquet,claude_only,True,False,False
options-bot/logs/backtest_TSLA_swing_20260224_111348.csv,claude_only,True,False,False
options-bot/logs/backtest_TSLA_swing_20260224_111348.parquet,claude_only,True,False,False
options-bot/logs/backtest_TSLA_swing_20260224_125109.csv,claude_only,True,False,False
options-bot/logs/backtest_TSLA_swing_20260224_125109.html,claude_only,True,False,False
options-bot/logs/backtest_TSLA_swing_20260224_125109.parquet,claude_only,True,False,False
options-bot/logs/backtest_TSLA_swing_20260224_163211.csv,claude_only,True,False,False
options-bot/logs/backtest_TSLA_swing_20260224_163211.html,claude_only,True,False,False
options-bot/logs/backtest_TSLA_swing_20260224_163211.parquet,claude_only,True,False,False
options-bot/logs/backtest_debug_20260224_100110.log,claude_only,True,False,False
options-bot/logs/backtest_debug_20260224_105719.log,claude_only,True,False,False
options-bot/logs/backtest_debug_20260224_111345.log,claude_only,True,False,False
options-bot/logs/backtest_debug_20260224_112252.log,claude_only,True,False,False
options-bot/logs/backtest_debug_20260224_115303.log,claude_only,True,False,False
options-bot/logs/backtest_debug_20260224_122407.log,claude_only,True,False,False
options-bot/logs/backtest_debug_20260224_125059.log,claude_only,True,False,False
options-bot/logs/backtest_debug_20260224_151616.log,claude_only,True,False,False
options-bot/logs/backtest_debug_20260224_160726.log,claude_only,True,False,False
options-bot/logs/backtest_debug_20260224_163207.log,claude_only,True,False,False
options-bot/logs/backtest_debug_20260227_221929.log,claude_only,True,False,False
options-bot/logs/backtest_debug_20260311_151602.log,claude_only,True,False,False
options-bot/logs/backtest_debug_20260311_151628.log,claude_only,True,False,False
options-bot/logs/circuit_state_ac3ff5ea-f8a8-4046-af54-d52efe8ec7f4.json,claude_only,True,False,False
options-bot/logs/circuit_state_ad48bf20-1913-4f40-b028-0580c9f48168.json,claude_only,True,False,False
options-bot/logs/circuit_state_backtest.json,claude_only,True,False,False
options-bot/logs/live_20260227_032738.log,claude_only,True,False,False
options-bot/logs/live_20260227_033257.log,claude_only,True,False,False
options-bot/logs/live_20260227_033422.log,claude_only,True,False,False
options-bot/logs/live_20260227_033516.log,claude_only,True,False,False
options-bot/logs/live_20260227_035744.log,claude_only,True,False,False
options-bot/logs/live_20260227_084213.log,claude_only,True,False,False
options-bot/logs/live_20260227_085620.log,claude_only,True,False,False
options-bot/logs/live_20260227_092728.log,claude_only,True,False,False
options-bot/logs/live_20260227_094912.log,claude_only,True,False,False
options-bot/logs/live_20260227_103847.log,claude_only,True,False,False
options-bot/logs/live_20260227_142609.log,claude_only,True,False,False
options-bot/logs/live_20260227_180341.log,claude_only,True,False,False
options-bot/logs/live_20260227_190128.log,claude_only,True,False,False
options-bot/logs/live_20260227_221932.log,claude_only,True,False,False
options-bot/logs/live_20260227_222036.log,claude_only,True,False,False
options-bot/logs/live_20260228_094706.log,claude_only,True,False,False
options-bot/logs/live_20260228_124112.log,claude_only,True,False,False
options-bot/logs/live_20260228_132645.log,claude_only,True,False,False
options-bot/logs/live_20260301_201228.log,claude_only,True,False,False
options-bot/logs/live_20260301_201720.log,claude_only,True,False,False
options-bot/logs/live_20260302_111748.log,claude_only,True,False,False
options-bot/logs/live_20260302_121321.log,claude_only,True,False,False
options-bot/logs/live_20260302_125345.log,claude_only,True,False,False
options-bot/logs/live_20260302_221819.log,claude_only,True,False,False
options-bot/logs/live_20260302_221852.log,claude_only,True,False,False
options-bot/logs/live_20260303_091951.log,claude_only,True,False,False
options-bot/logs/live_20260303_093042.log,claude_only,True,False,False
options-bot/logs/live_20260303_115416.log,claude_only,True,False,False
options-bot/logs/live_20260303_115458.log,claude_only,True,False,False
options-bot/logs/live_20260303_121738.log,claude_only,True,False,False
options-bot/logs/live_20260303_131621.log,claude_only,True,False,False
options-bot/logs/live_20260303_131702.log,claude_only,True,False,False
options-bot/logs/live_20260303_135646.log,claude_only,True,False,False
options-bot/logs/live_20260303_153033.log,claude_only,True,False,False
options-bot/logs/live_20260303_171702.log,claude_only,True,False,False
options-bot/logs/live_20260303_171711.log,claude_only,True,False,False
options-bot/logs/live_20260303_171721.log,claude_only,True,False,False
options-bot/logs/live_20260303_183026.log,claude_only,True,False,False
options-bot/logs/live_20260303_184414.log,claude_only,True,False,False
options-bot/logs/live_20260303_184441.log,claude_only,True,False,False
options-bot/logs/live_20260303_184453.log,claude_only,True,False,False
options-bot/logs/live_20260303_195015.log,claude_only,True,False,False
options-bot/logs/live_20260303_195512.log,claude_only,True,False,False
options-bot/logs/live_20260303_200106.log,claude_only,True,False,False
options-bot/logs/live_20260304_022015.log,claude_only,True,False,False
options-bot/logs/live_20260304_022015.log.1,claude_only,True,False,False
options-bot/logs/live_20260304_022015.log.2,claude_only,True,False,False
options-bot/logs/live_20260304_022015.log.3,claude_only,True,False,False
options-bot/logs/live_20260304_111344.log,claude_only,True,False,False
options-bot/logs/live_20260304_122837.log,claude_only,True,False,False
options-bot/logs/live_20260304_122859.log,claude_only,True,False,False
options-bot/logs/live_20260304_123609.log,claude_only,True,False,False
options-bot/logs/live_20260304_124427.log,claude_only,True,False,False
options-bot/logs/live_20260304_125932.log,claude_only,True,False,False
options-bot/logs/live_20260304_130644.log,claude_only,True,False,False
options-bot/logs/live_20260304_130735.log,claude_only,True,False,False
options-bot/logs/live_20260304_133631.log,claude_only,True,False,False
options-bot/logs/live_20260304_133658.log,claude_only,True,False,False
options-bot/logs/live_20260304_135424.log,claude_only,True,False,False
options-bot/logs/live_20260304_135448.log,claude_only,True,False,False
options-bot/logs/live_20260304_142159.log,claude_only,True,False,False
options-bot/logs/live_20260304_142239.log,claude_only,True,False,False
options-bot/logs/live_20260304_154431.log,claude_only,True,False,False
options-bot/logs/live_20260304_154758.log,claude_only,True,False,False
options-bot/logs/live_20260304_212206.log,claude_only,True,False,False
options-bot/logs/live_20260304_212206.log.1,claude_only,True,False,False
options-bot/logs/live_20260304_212206.log.2,claude_only,True,False,False
options-bot/logs/live_20260304_212206.log.3,claude_only,True,False,False
options-bot/logs/live_20260304_212206.log.4,claude_only,True,False,False
options-bot/logs/live_20260304_212206.log.5,claude_only,True,False,False
options-bot/logs/live_20260305_095027.log,claude_only,True,False,False
options-bot/logs/live_20260305_105516.log,claude_only,True,False,False
options-bot/logs/live_20260305_110230.log,claude_only,True,False,False
options-bot/logs/live_20260305_113337.log,claude_only,True,False,False
options-bot/logs/live_20260305_113429.log,claude_only,True,False,False
options-bot/logs/live_20260305_115522.log,claude_only,True,False,False
options-bot/logs/live_20260305_115706.log,claude_only,True,False,False
options-bot/logs/live_20260305_133756.log,claude_only,True,False,False
options-bot/logs/live_20260305_151049.log,claude_only,True,False,False
options-bot/logs/live_20260305_160326.log,claude_only,True,False,False
options-bot/logs/live_20260305_161215.log,claude_only,True,False,False
options-bot/logs/live_20260305_164107.log,claude_only,True,False,False
options-bot/logs/live_20260306_091720.log,claude_only,True,False,False
options-bot/logs/live_20260306_091751.log,claude_only,True,False,False
options-bot/logs/live_20260306_092401.log,claude_only,True,False,False
options-bot/logs/live_20260306_093411.log,claude_only,True,False,False
options-bot/logs/live_20260306_100231.log,claude_only,True,False,False
options-bot/logs/live_20260306_100244.log,claude_only,True,False,False
options-bot/logs/live_20260309_094722.log,claude_only,True,False,False
options-bot/logs/live_20260309_094744.log,claude_only,True,False,False
options-bot/logs/live_20260309_114220.log,claude_only,True,False,False
options-bot/logs/live_20260309_114452.log,claude_only,True,False,False
options-bot/logs/live_20260309_114452.log.2,claude_only,True,False,False
options-bot/logs/live_20260309_114452.log.5,claude_only,True,False,False
options-bot/logs/live_20260310_093450.log,claude_only,True,False,False
options-bot/logs/live_20260310_093503.log,claude_only,True,False,False
options-bot/logs/live_20260310_105137.log,claude_only,True,False,False
options-bot/logs/live_20260310_105152.log,claude_only,True,False,False
options-bot/logs/live_20260310_105152.log.2,claude_only,True,False,False
options-bot/logs/live_20260310_105152.log.5,claude_only,True,False,False
options-bot/logs/live_20260311_083526.log,claude_only,True,False,False
options-bot/logs/live_20260311_083544.log,claude_only,True,False,False
options-bot/logs/live_20260311_094202.log,claude_only,True,False,False
options-bot/logs/live_20260311_094222.log,claude_only,True,False,False
options-bot/logs/live_20260311_095244.log,claude_only,True,False,False
options-bot/logs/live_20260311_095957.log,claude_only,True,False,False
options-bot/logs/live_20260311_095957.log.1,claude_only,True,False,False
options-bot/logs/live_20260311_095957.log.5,claude_only,True,False,False
options-bot/main.py,claude_only,True,False,True
options-bot/ml/__init__.py,claude_only,True,False,True
options-bot/ml/__pycache__/__init__.cpython-313.pyc,claude_only,True,False,False
options-bot/ml/__pycache__/ensemble_predictor.cpython-313.pyc,claude_only,True,False,False
options-bot/ml/__pycache__/ev_filter.cpython-313.pyc,claude_only,True,False,False
options-bot/ml/__pycache__/feedback_queue.cpython-313.pyc,claude_only,True,False,False
options-bot/ml/__pycache__/incremental_trainer.cpython-313.pyc,claude_only,True,False,False
options-bot/ml/__pycache__/lgbm_predictor.cpython-313.pyc,claude_only,True,False,False
options-bot/ml/__pycache__/lgbm_trainer.cpython-313.pyc,claude_only,True,False,False
options-bot/ml/__pycache__/liquidity_filter.cpython-313.pyc,claude_only,True,False,False
options-bot/ml/__pycache__/predictor.cpython-313.pyc,claude_only,True,False,False
options-bot/ml/__pycache__/regime_adjuster.cpython-313.pyc,claude_only,True,False,False
options-bot/ml/__pycache__/scalp_predictor.cpython-313.pyc,claude_only,True,False,False
options-bot/ml/__pycache__/scalp_trainer.cpython-313.pyc,claude_only,True,False,False
options-bot/ml/__pycache__/swing_classifier_predictor.cpython-313.pyc,claude_only,True,False,False
options-bot/ml/__pycache__/swing_classifier_trainer.cpython-313.pyc,claude_only,True,False,False
options-bot/ml/__pycache__/tft_predictor.cpython-313.pyc,claude_only,True,False,False
options-bot/ml/__pycache__/tft_trainer.cpython-313.pyc,claude_only,True,False,False
options-bot/ml/__pycache__/trainer.cpython-313.pyc,claude_only,True,False,False
options-bot/ml/__pycache__/xgboost_predictor.cpython-313.pyc,claude_only,True,False,False
options-bot/ml/ensemble_predictor.py,claude_only,True,False,True
options-bot/ml/ev_filter.py,claude_only,True,False,True
options-bot/ml/feature_engineering/__init__.py,claude_only,True,False,True
options-bot/ml/feature_engineering/__pycache__/__init__.cpython-313.pyc,claude_only,True,False,False
options-bot/ml/feature_engineering/__pycache__/base_features.cpython-313.pyc,claude_only,True,False,False
options-bot/ml/feature_engineering/__pycache__/general_features.cpython-313.pyc,claude_only,True,False,False
options-bot/ml/feature_engineering/__pycache__/scalp_features.cpython-313.pyc,claude_only,True,False,False
options-bot/ml/feature_engineering/__pycache__/swing_features.cpython-313.pyc,claude_only,True,False,False
options-bot/ml/feature_engineering/base_features.py,claude_only,True,False,True
options-bot/ml/feature_engineering/general_features.py,claude_only,True,False,True
options-bot/ml/feature_engineering/scalp_features.py,claude_only,True,False,True
options-bot/ml/feature_engineering/swing_features.py,claude_only,True,False,True
options-bot/ml/feedback_queue.py,claude_only,True,False,True
options-bot/ml/incremental_trainer.py,claude_only,True,False,True
options-bot/ml/lgbm_predictor.py,claude_only,True,False,True
options-bot/ml/lgbm_trainer.py,claude_only,True,False,True
options-bot/ml/liquidity_filter.py,claude_only,True,False,True
options-bot/ml/predictor.py,claude_only,True,False,True
options-bot/ml/regime_adjuster.py,claude_only,True,False,True
options-bot/ml/scalp_predictor.py,claude_only,True,False,True
options-bot/ml/scalp_trainer.py,claude_only,True,False,True
options-bot/ml/swing_classifier_predictor.py,claude_only,True,False,True
options-bot/ml/swing_classifier_trainer.py,claude_only,True,False,True
options-bot/ml/tft_predictor.py,claude_only,True,False,True
options-bot/ml/tft_trainer.py,claude_only,True,False,True
options-bot/ml/trainer.py,claude_only,True,False,True
options-bot/ml/xgboost_predictor.py,claude_only,True,False,True
options-bot/models/.gitkeep,claude_only,True,False,True
options-bot/models/ac3ff5ea-f8a8-4046-af54-d52efe8ec7f4_scalp_SPY_171859fb.joblib,claude_only,True,False,True
options-bot/models/ad48bf20-1913-4f40-b028-0580c9f48168_swing_cls_TSLA_ce4bfaf5.joblib,claude_only,True,False,True
options-bot/requirements.txt,claude_only,True,False,True
options-bot/risk/__init__.py,claude_only,True,False,True
options-bot/risk/__pycache__/__init__.cpython-313.pyc,claude_only,True,False,False
options-bot/risk/__pycache__/risk_manager.cpython-313.pyc,claude_only,True,False,False
options-bot/risk/risk_manager.py,claude_only,True,False,True
options-bot/scripts/__pycache__/audit_verify.cpython-313.pyc,claude_only,True,False,False
options-bot/scripts/__pycache__/backtest.cpython-313.pyc,claude_only,True,False,False
options-bot/scripts/__pycache__/diagnose_strategy.cpython-313.pyc,claude_only,True,False,False
options-bot/scripts/__pycache__/phase6_checkpoint.cpython-313.pyc,claude_only,True,False,False
options-bot/scripts/__pycache__/startup_check.cpython-313.pyc,claude_only,True,False,False
options-bot/scripts/__pycache__/test_features.cpython-313.pyc,claude_only,True,False,False
options-bot/scripts/__pycache__/test_providers.cpython-313.pyc,claude_only,True,False,False
options-bot/scripts/__pycache__/train_model.cpython-313.pyc,claude_only,True,False,False
options-bot/scripts/__pycache__/validate_data.cpython-313.pyc,claude_only,True,False,False
options-bot/scripts/__pycache__/validate_model.cpython-313.pyc,claude_only,True,False,False
options-bot/scripts/__pycache__/walk_forward_backtest.cpython-313.pyc,claude_only,True,False,False
options-bot/scripts/audit_verify.py,claude_only,True,False,True
options-bot/scripts/backtest.py,claude_only,True,False,True
options-bot/scripts/diagnose_strategy.py,claude_only,True,False,True
options-bot/scripts/startup_check.py,claude_only,True,False,True
options-bot/scripts/test_features.py,claude_only,True,False,True
options-bot/scripts/test_providers.py,claude_only,True,False,True
options-bot/scripts/train_model.py,claude_only,True,False,True
options-bot/scripts/validate_data.py,claude_only,True,False,True
options-bot/scripts/validate_model.py,claude_only,True,False,True
options-bot/scripts/walk_forward_backtest.py,claude_only,True,False,True
options-bot/start_bot.bat,claude_only,True,False,True
options-bot/strategies/__init__.py,claude_only,True,False,True
options-bot/strategies/__pycache__/__init__.cpython-313.pyc,claude_only,True,False,False
options-bot/strategies/__pycache__/base_strategy.cpython-313.pyc,claude_only,True,False,False
options-bot/strategies/__pycache__/general_strategy.cpython-313.pyc,claude_only,True,False,False
options-bot/strategies/__pycache__/scalp_strategy.cpython-313.pyc,claude_only,True,False,False
options-bot/strategies/__pycache__/swing_strategy.cpython-313.pyc,claude_only,True,False,False
options-bot/strategies/base_strategy.py,claude_only,True,False,True
options-bot/strategies/general_strategy.py,claude_only,True,False,True
options-bot/strategies/scalp_strategy.py,claude_only,True,False,True
options-bot/strategies/swing_strategy.py,claude_only,True,False,True
options-bot/ui/.gitignore,claude_only,True,False,True
options-bot/ui/README.md,claude_only,True,False,True
options-bot/ui/dist/assets/index-D2vcLwuR.js,claude_only,True,False,False
options-bot/ui/dist/assets/index-yx7CmhFF.css,claude_only,True,False,False
options-bot/ui/dist/index.html,claude_only,True,False,False
options-bot/ui/eslint.config.js,claude_only,True,False,True
options-bot/ui/index.html,claude_only,True,False,True
options-bot/ui/package-lock.json,claude_only,True,False,True
options-bot/ui/package.json,claude_only,True,False,True
options-bot/ui/postcss.config.js,claude_only,True,False,True
options-bot/ui/src/App.tsx,claude_only,True,False,True
options-bot/ui/src/api/client.ts,claude_only,True,False,True
options-bot/ui/src/components/ConnIndicator.tsx,claude_only,True,False,True
options-bot/ui/src/components/Layout.tsx,claude_only,True,False,True
options-bot/ui/src/components/PageHeader.tsx,claude_only,True,False,True
options-bot/ui/src/components/PnlCell.tsx,claude_only,True,False,True
options-bot/ui/src/components/ProfileForm.tsx,claude_only,True,False,True
options-bot/ui/src/components/Spinner.tsx,claude_only,True,False,True
options-bot/ui/src/components/StatusBadge.tsx,claude_only,True,False,True
options-bot/ui/src/index.css,claude_only,True,False,True
options-bot/ui/src/main.tsx,claude_only,True,False,True
options-bot/ui/src/pages/Dashboard.tsx,claude_only,True,False,True
options-bot/ui/src/pages/ProfileDetail.tsx,claude_only,True,False,True
options-bot/ui/src/pages/Profiles.tsx,claude_only,True,False,True
options-bot/ui/src/pages/SignalLogs.tsx,claude_only,True,False,True
options-bot/ui/src/pages/System.tsx,claude_only,True,False,True
options-bot/ui/src/pages/Trades.tsx,claude_only,True,False,True
options-bot/ui/src/types/api.ts,claude_only,True,False,True
options-bot/ui/tailwind.config.js,claude_only,True,False,True
options-bot/ui/tsconfig.app.json,claude_only,True,False,True
options-bot/ui/tsconfig.json,claude_only,True,False,True
options-bot/ui/tsconfig.node.json,claude_only,True,False,True
options-bot/ui/vite.config.ts,claude_only,True,False,True
options-bot/utils/__init__.py,claude_only,True,False,True
options-bot/utils/__pycache__/__init__.cpython-313.pyc,claude_only,True,False,False
options-bot/utils/__pycache__/alerter.cpython-313.pyc,claude_only,True,False,False
options-bot/utils/__pycache__/circuit_breaker.cpython-313.pyc,claude_only,True,False,False
options-bot/utils/alerter.py,claude_only,True,False,True
options-bot/utils/circuit_breaker.py,claude_only,True,False,True
requirements.txt,codex_only,False,True,True
risk/__init__.py,codex_only,False,True,True
risk/risk_manager.py,codex_only,False,True,True
scripts/audit_verify.py,codex_only,False,True,True
scripts/backtest.py,codex_only,False,True,True
scripts/diagnose_strategy.py,codex_only,False,True,True
scripts/startup_check.py,codex_only,False,True,True
scripts/test_features.py,codex_only,False,True,True
scripts/test_providers.py,codex_only,False,True,True
scripts/train_model.py,codex_only,False,True,True
scripts/validate_data.py,codex_only,False,True,True
scripts/validate_model.py,codex_only,False,True,True
scripts/walk_forward_backtest.py,codex_only,False,True,True
start_bot.bat,codex_only,False,True,True
strategies/__init__.py,codex_only,False,True,True
strategies/base_strategy.py,codex_only,False,True,True
strategies/general_strategy.py,codex_only,False,True,True
strategies/scalp_strategy.py,codex_only,False,True,True
strategies/swing_strategy.py,codex_only,False,True,True
ui/.gitignore,codex_only,False,True,True
ui/README.md,codex_only,False,True,True
ui/eslint.config.js,codex_only,False,True,True
ui/index.html,codex_only,False,True,True
ui/package-lock.json,codex_only,False,True,True
ui/package.json,codex_only,False,True,True
ui/postcss.config.js,codex_only,False,True,True
ui/src/App.tsx,codex_only,False,True,True
ui/src/api/client.ts,codex_only,False,True,True
ui/src/components/ConnIndicator.tsx,codex_only,False,True,True
ui/src/components/Layout.tsx,codex_only,False,True,True
ui/src/components/PageHeader.tsx,codex_only,False,True,True
ui/src/components/PnlCell.tsx,codex_only,False,True,True
ui/src/components/ProfileForm.tsx,codex_only,False,True,True
ui/src/components/Spinner.tsx,codex_only,False,True,True
ui/src/components/StatusBadge.tsx,codex_only,False,True,True
ui/src/index.css,codex_only,False,True,True
ui/src/main.tsx,codex_only,False,True,True
ui/src/pages/Dashboard.tsx,codex_only,False,True,True
ui/src/pages/ProfileDetail.tsx,codex_only,False,True,True
ui/src/pages/Profiles.tsx,codex_only,False,True,True
ui/src/pages/SignalLogs.tsx,codex_only,False,True,True
ui/src/pages/System.tsx,codex_only,False,True,True
ui/src/pages/Trades.tsx,codex_only,False,True,True
ui/src/types/api.ts,codex_only,False,True,True
ui/tailwind.config.js,codex_only,False,True,True
ui/tsconfig.app.json,codex_only,False,True,True
ui/tsconfig.json,codex_only,False,True,True
ui/tsconfig.node.json,codex_only,False,True,True
ui/vite.config.ts,codex_only,False,True,True
utils/__init__.py,codex_only,False,True,True
utils/alerter.py,codex_only,False,True,True
utils/circuit_breaker.py,codex_only,False,True,True
